,Unnamed: 0,inscricao,razao_social,end,categoria,lat_gMaps,lng_gMaps,bairro_gMaps,bairro_name,bairro_GID
0,0,230390-6,ABIJCSUD,R  ELVIRA PINHO 220  MONTESE FORTALEZA - CE CEP:60421000,Outras religiosidades,-3.7667387,-38.5573519,Montese,Montese,103
1,1,210264-1,ACAO SOCIAL DA PAROQUIA DE SAO RAIMUNDO ASPAR,R  JOSE FREITAS DA SILVA   SN  BELA VISTA FORTALEZA - CE CEP:60442242,Católica Apostólica Romana,-3.7480226,-38.5666529,Bela Vista,Pici,106
2,2,7945-6,ACAO SOCIAL DA PAROQUIA DE SAO RAIMUNDO ASPAR,R  FRANCISCA CLOTILDE 826  RODOLFO TEÓFILO FORTALEZA - CE CEP:60431072,Católica Apostólica Romana,-3.7445849,-38.55471989999999,Rodolfo Teófilo,Amadeu Furtado,4
3,3,8615-0,ALFA 2 SPE EMPREENDIMENTO IMOBILIARIO LTDA,R  DELMIRO DE FARIAS 1900 QUADRA 50A RODOLFO TEÓFILO FORTALEZA - CE CEP:60430170,Sem Definição,-3.7442171,-38.5531882,Rodolfo Teófilo,Rodolfo Teófilo,34
4,4,606258-0,ANTIGA E MISTICA ORD ROSAE CRUCIS AMORC GLJL PORTUGUESA,R  ROSA CRUZ   VAZIO MARAPONGA FORTALEZA - CE CEP:60712115,Sem Definição,-3.7982575,-38.5688713,Maraponga,Jardim Cearense,80
5,5,256251-0,ANTIGA E MISTICA ORD ROSAE CRUCIS AMORC GLJL PORTUGUESA,R  ROSA CRUZ 951  MARAPONGA FORTALEZA - CE CEP:60711735,Sem Definição,-3.797296,-38.5723203,Maraponga,Maraponga,82
6,6,305745-3,ANTONIO NEUTON OLIVEIRA,R  DIADEMA 172  CONJUNTO PALMEIRAS FORTALEZA - CE CEP:60870150,Sem Definição,-3.8445929,-38.5222968,Conjunto Palmeiras,Conjunto Palmeiras,117
85,86,114056-6,ASSOC BRAS D A IGREJA DE JESUS CRISTO SANTOS ULTS DIAS,AV MIN ALBUQUERQUE LIMA 270  CONJUNTO CEARÁ II FORTALEZA - CE CEP:60533694,Outras religiosidades,-3.7680032,-38.6090138,Conjunto Ceará I,Conjunto Ceará II,75
86,87,112272-0,ASSOC BRAS D A IGREJA DE JESUS CRISTO SANTOS ULTS DIAS,AV  H (CONJ. CEARA II) 2477  GRANJA LISBOA FORTALEZA - CE CEP:60533667,Outras religiosidades,-3.777261,-38.620788,Granja Lisboa,Granja Lisboa,78
87,88,237303-3,ASSOC BRAS D A IGREJA DE JESUS CRISTO SANTOS ULTS DIAS,R TEN QUEIROS 400  ANTÔNIO BEZERRA FORTALEZA - CE CEP:60360170,Outras religiosidades,-3.7447581,-38.589229,Antônio Bezerra,Antônio Bezerra,40
88,89,297224-7,ASSOC BRAS D A IGREJA DE JESUS CRISTO SANTOS ULTS DIAS,AV  BERNARDO MANUEL 13020  MONDUBIM FORTALEZA - CE CEP:60762704,Outras religiosidades,-3.831697,-38.56169999999999,Mondubim,Mondubim,83
89,90,18221-4,ASSOC BRAS D A IGREJA DE JESUS CRISTO SANTOS ULTS DIAS,AV  SANTOS DUMONT 1383  ALDEOTA FORTALEZA - CE CEP:60150161,Outras religiosidades,-3.7318528,-38.5113907,Manuel Dias Branco,Aldeota,2
90,91,298974-3,ASSOC BRAS D A IGREJA DE JESUS CRISTO SANTOS ULTS DIAS,R  FRANCISCO COSTA 55  JANGURUSSU FORTALEZA - CE CEP:60865220,Outras religiosidades,-3.8408835,-38.5162995,Jangurussu,Jangurussu,61
91,92,536996-7,ASSOC BRAS D A IGREJA DE JESUS CRISTO SANTOS ULTS DIAS,R PDE PERDIGAO SAMPAIO 400  QUINTINO CUNHA FORTALEZA - CE CEP:60352350,Outras religiosidades,-3.7399487,-38.5946386,Antônio Bezerra,Antônio Bezerra,40
92,93,343106-1,ASSOC BRAS D A IGREJA DE JESUS CRISTO SANTOS ULTS DIAS,R  BENTO GONCALVES 727  MANOEL SÁTIRO FORTALEZA - CE CEP:60763832,Outras religiosidades,-3.812028,-38.587414,Manoel Satiro,Novo Mondubim,120
93,94,47250-6,ASSOC BRAS D A IGREJA DE JESUS CRISTO SANTOS ULTS DIAS,R  GUILHERME MOREIRA 317  FÁTIMA FORTALEZA - CE CEP:60040490,Outras religiosidades,-3.7502264,-38.5248946,Fátima,Fátima,16
94,95,281745-4,ASSOC BRAS D A IGREJA DE JESUS CRISTO SANTOS ULTS DIAS,AV  JUSCELINO KUBITSCHEK 3707  PASSARÉ FORTALEZA - CE CEP:60861635,Outras religiosidades,-3.8151736,-38.5303546,Passaré,Passaré,88
95,96,339998-2,ASSOC BRAS D A IGREJA DE JESUS CRISTO SANTOS ULTS DIAS,AV  SANTOS DUMONT 6564  COCÓ FORTALEZA - CE CEP:60192022,Outras religiosidades,-3.7441055,-38.4746121,Manuel Dias Branco,Cocó,11
96,97,5681-2,ASSOC BRAS D A IGREJA DE JESUS CRISTO SANTOS ULTS DIAS,R  CASIMIRO MONTENEGRO 38  FARIAS BRITO FORTALEZA - CE CEP:60325720,Outras religiosidades,-3.7304204,-38.5466779,Monte Castelo,Farias Brito,15
97,98,178140-5,ASSOC BRAS D A IGREJA DE JESUS CRISTO SANTOS ULTS DIAS,R CAP VASCONCELOS 445  ALTO DA BALANÇA FORTALEZA - CE CEP:60851225,Outras religiosidades,-3.7660062,-38.5166466,Alto da Balança,Alto da Balança,93
98,99,373666-0,ASSOC BRAS D A IGREJA DE JESUS CRISTO SANTOS ULTS DIAS,AV  AUGUSTO DOS ANJOS 2250  BONSUCESSO FORTALEZA - CE CEP:60542164,Outras religiosidades,-3.7860674,-38.5845109,Parangaba,Bonsucesso,73
99,100,138644-1,ASSOC BRAS D A IGREJA DE JESUS CRISTO SANTOS ULTS DIAS,R TEN MARQUES 520  PRESIDENTE KENNEDY FORTALEZA - CE CEP:60356150,Outras religiosidades,-3.7361885,-38.5732258,Presidente Kennedy,Presidente Kennedy,33
100,101,419388-1,ASSOC BRAS D A IGREJA DE JESUS CRISTO SANTOS ULTS DIAS,AV MAJ ASSIS 1480  JARDIM GUANABARA FORTALEZA - CE CEP:60346372,Outras religiosidades,-3.722643,-38.5916365,Vila Velha,Jardim Guanabara,20
101,102,220878-4,ASSOC BRAS D A IGREJA DE JESUS CRISTO SANTOS ULTS DIAS,R  BOM JESUS 1850  BOM JARDIM FORTALEZA - CE CEP:60540255,Outras religiosidades,-3.7917149,-38.6095711,Bom Jardim,Bom Jardim,72
102,103,91954-3,ASSOC BRAS D A IGREJA DE JESUS CRISTO SANTOS ULTS DIAS,AV  PASTEUR 861  ÁLVARO WEYNE FORTALEZA - CE CEP:60335000,Outras religiosidades,-3.7137262,-38.5595977,Carlito Pamplona,Carlito Pamplona,9
103,104,514361-6,ASSOC BRAS DA IGREJA DE JESUS CRISTO DOS SANTOS DOS ULT DIAS,R PRO JOAO BOSCO 501  RODOLFO TEÓFILO FORTALEZA - CE CEP:60430690,Outras religiosidades,-3.741256,-38.5439849,Parque Araxá,Rodolfo Teófilo,34
104,105,261635-1,ASSOC BRAS DA IGREJA DE JESUS CRISTO SANTOS ULTIS DIAS,AV  ROGACIANO LEITE 2468  QD.03 JARDIM DAS OLIVEIRAS FORTALEZA - CE CEP:60821072,Outras religiosidades,-3.777957,-38.501228,Jardim Das Oliveiras,Jardim das Oliveiras,62
105,106,304356-8,ASSOC BRAS DA IGREJA DE JESUS CRISTO SANTOS ULTIS DIAS,R  HONORINO MAIA 555  PARQUE SANTA MARIA FORTALEZA - CE CEP:60873000,Outras religiosidades,-3.8541661,-38.5017861,Ancuri,Parque Santa Maria,102
106,107,107850-0,ASSOC BRAS DA IGREJA DE JESUS CRISTO SANTOS ULTIS DIAS,R  FRANCISCO CALACA 1665  ÁLVARO WEYNE FORTALEZA - CE CEP:60336045,Outras religiosidades,-3.716453,-38.573666,Floresta,Álvaro Weyne,3
107,108,636476-4,ASSOC BRAS DA IGREJA DE JESUS CRISTO SANTOS ULTIS DIAS,R  PEDRO ESTANISLAU  LOTE 04 QUADRA 19 MESSEJANA FORTALEZA - CE CEP:60840470,Outras religiosidades,-3.8283896,-38.4830413,Messejana,Messejana,65
108,109,159239-4,ASSOC BRAS DA IGREJA DE JESUS CRISTO SANTOS ULTIS DIAS,R IR BAZET 150  MONTESE FORTALEZA - CE CEP:60420670,Outras religiosidades,-3.7614068,-38.5561213,Montese,Montese,103
109,110,304357-6,ASSOC BRAS DA IGREJA DE JESUS CRISTO SANTOS ULTIS DIAS,R CEL JOSE DE MOURA   Q030 L002 PARQUE SANTA MARIA FORTALEZA - CE CEP:60873165,Outras religiosidades,-3.854334,-38.4990505,Santa Maria,Parque Santa Maria,102
110,111,18222-2,ASSOC BRAS DA IGREJA DE JESUS CRISTO SANTOS ULTIS DIAS,R BAR DE ARACATI 1145  ALDEOTA FORTALEZA - CE CEP:60115081,Outras religiosidades,-3.7318446,-38.5114937,Aldeota,Aldeota,2
111,112,676041-4,ASSOC BRAS DA IGREJA DE JESUS CRISTO SANTOS ULTIS DIAS,AV FRE CIRILO 4340  MESSEJANA FORTALEZA - CE CEP:60840285,Outras religiosidades,-3.8218308,-38.4958739,Messejana,Messejana,65
112,113,275507-6,ASSOC BRAS DA IGREJA DE JESUS CRISTO SANTOS ULTIS DIAS,AV CNS GOMES DE FREITAS 3400  SAPIRANGA-COITÉ FORTALEZA - CE CEP:60833104,Outras religiosidades,-3.7956999,-38.4763268,Lagoa Sapiranga (Coité),Sapiranga/Coité,64
113,114,291441-7,ASSOC BRAS DA IGREJA DE JESUS CRISTO SANTOS ULTIS DIAS,AV  GENIBAU 183  GENIBAÚ FORTALEZA - CE CEP:60534230,Outras religiosidades,-3.7613641,-38.5973636,João XXIII,Genibaú,44
114,115,274252-7,ASSOC BRAS DA IGREJA DE JESUS CRISTO SANTOS ULTIS DIAS,R SAO FRANCISCO 50  BOM JARDIM FORTALEZA - CE CEP:60545064,Outras religiosidades,-3.8000637,-38.5981241,Autran Nunes,Bom Jardim,72
115,116,27937-4,ASSOC BRAS DA IGREJA DE JESUS CRISTO SANTOS ULTIS DIAS,R PDE AMBROSIO MACHADO 199  PARREÃO FORTALEZA - CE CEP:60410355,Outras religiosidades,-3.7619468,-38.5372486,Vila União,Parreão,30
116,117,304360-6,ASSOC BRAS DA IGREJA DE JESUS CRISTO SANTOS ULTIS DIAS,R CEL JOSE DE MOURA   Q030_L005 PARQUE SANTA MARIA FORTALEZA - CE CEP:60873165,Outras religiosidades,-3.854334,-38.4990505,Santa Maria,Parque Santa Maria,102
117,118,285613-1,ASSOC BRAS DA IGREJA DE JESUS CRISTO SANTOS ULTIS DIAS,AV  WASHINGTON SOARES 8930  MESSEJANA FORTALEZA - CE CEP:60841032,Outras religiosidades,-3.8293008,-38.4825018,Edson Queiroz,Messejana,65
118,119,107851-8,ASSOC BRAS DA IGREJA DE JESUS CRISTO SANTOS ULTIS DIAS,R  FRANCISCO CALACA 1621  IGREJA FLORESTA FORTALEZA - CE CEP:60336045,Outras religiosidades,-3.7161887,-38.5735935,Cristo Redentor,Álvaro Weyne,3
119,120,298617-5,ASSOC BRAS DA IGREJA DE JESUS CRISTO SANTOS ULTIS DIAS,R  VALPARAISO 830  JANGURUSSU FORTALEZA - CE CEP:60870440,Outras religiosidades,-3.8484077,-38.511885,Conjunto Palmeiras,Jangurussu,61
120,121,304355-0,ASSOC BRAS DA IGREJA DE JESUS CRISTO SANTOS ULTIS DIAS,AV  ISABEL BEZERRA   Q030 L013 PARQUE SANTA MARIA FORTALEZA - CE CEP:60873175,Outras religiosidades,-3.854419999999999,-38.5042,Santa Maria,Parque Santa Maria,102
121,122,304359-2,ASSOC BRAS DA IGREJA DE JESUS CRISTO SANTOS ULTIS DIAS,R CEL JOSE DE MOURA   Q030 L004 PARQUE SANTA MARIA FORTALEZA - CE CEP:60873165,Outras religiosidades,-3.854334,-38.4990505,Santa Maria,Parque Santa Maria,102
122,123,419126-9,ASSOC BRAS DA IGREJA DE JESUS CRISTO SANTOS ULTIS DIAS,R PDE PERDIGAO SAMPAIO   PORCA B QUINTINO CUNHA FORTALEZA - CE CEP:60351695,Outras religiosidades,-3.736281,-38.5951604,Quintino Cunha,Quintino Cunha,48
123,124,578777-7,ASSOC BRAS DA IGREJA DE JESUS CRISTO SANTOS ULTIS DIAS,AV  BERNARDO MANUEL 11505  AEROPORTO FORTALEZA - CE CEP:60761281,Outras religiosidades,-3.8199383,-38.5575971,Parque Dois Irmãos,Parque Dois Irmãos,84
124,125,304358-4,ASSOC BRAS DA IGREJA DE JESUS CRISTO SANTOS ULTIS DIAS,R CEL JOSE DE MOURA   Q030 L003 PARQUE SANTA MARIA FORTALEZA - CE CEP:60873165,Outras religiosidades,-3.854334,-38.4990505,Santa Maria,Parque Santa Maria,102
125,126,149605-0,ASSOCIACAO B DAS FILHAS DE SANTANA,R  JOSE DE PONTES 202  PARQUELÂNDIA FORTALEZA - CE CEP:60450042,Católica Apostólica Romana,-3.7387855,-38.5686443,Parquelândia,Parquelândia,29
126,127,149604-2,ASSOCIACAO B DAS FILHAS DE SANTANA,R  JOSE DE PONTES 180  PARQUELÂNDIA FORTALEZA - CE CEP:60450042,Católica Apostólica Romana,-3.7384255,-38.5685168,Parquelândia,Parquelândia,29
127,128,149603-4,ASSOCIACAO B DAS FILHAS DE SANTANA,R  JOSE DE PONTES 160  PARQUELÂNDIA FORTALEZA - CE CEP:60450042,Católica Apostólica Romana,-3.7382774,-38.5685227,Parquelândia,Parquelândia,29
170,171,234663-0,ASSOCIACAO BRAS D'A IG DE JESUS CRISTO DOS ST DOS ULT DIAS,AV SEN FERNANDES TAVORA 2200  DOM LUSTOSA FORTALEZA - CE CEP:60526642,Outras religiosidades,-3.75698,-38.59171,Dom Lustosa,Dom Lustosa,43
171,172,251244-0,ASSOCIACAO BRASILEIRA DA IGREJA JESUS C SANTOS ULTIMOS DIAS,AV DR SILAS MUNGUBA 3900  SERRINHA FORTALEZA - CE CEP:60714502,Outras religiosidades,-3.7907843,-38.539306,Serrinha,Itaperi,100
174,176,329100-6,ASSOCIACAO BRASILEIRA IGREJA JESUS CISTO SANTOS ULTIMOS DIAS,AV DR SILAS MUNGUBA 4850  IGREJA SERRINHA FORTALEZA - CE CEP:60714502,Outras religiosidades,-3.7962736,-38.5324786,Serrinha,Itaperi,100
176,178,138074-5,ASSOCIACAO CONGREGACAO DE SANTA CATARINA,R TEN MARQUES 139  PRESIDENTE KENNEDY FORTALEZA - CE CEP:60356150,Católica Apostólica Romana,-3.7322666,-38.5734184,Presidente Kennedy,Presidente Kennedy,33
178,180,74157-4,ASSOCIACAO DA UNIAO ESTE BRASILEIRO DOS ADVENTISTA DO SETIMO DIA,AV  DO IMPERADOR 891  CENTRO FORTALEZA - CE CEP:60015051,Evangélicas,-3.7291017,-38.53487399999999,Centro,Centro,10
179,181,846620-3,ASSOCIACAO DA UNIAO ESTE BRASILEIRO DOS ADVENTISTA DO SETIMO DIA,R  PEDRO I 1120  CENTRO FORTALEZA - CE CEP:60035101,Evangélicas,-3.7292454,-38.534502,Centro,Centro,10
180,182,254138-6,ASSOCIACAO DAS HUMILDES SERVAS DO SENHOR,R MAD ELISA BALDO (EDUARDO MOTA) 771  SERRINHA FORTALEZA - CE CEP:60741450,Católica Apostólica Romana,-3.7852055,-38.5469933,Serrinha,Serrinha,107
181,183,406930-7,ASSOCIACAO DAS IRMAS MISSIONARIAS,R  ANDALUZIA 785  PEDRAS FORTALEZA - CE CEP:60874610,Católica Apostólica Romana,-3.8865409,-38.5017746,Pedras,Pedras,69
190,192,53994-5,ASSOCIACAO DAS RELIGIOSAS DA INSTRUCAO CRISTA,R CEL LINHARES 1828  ALDEOTA FORTALEZA - CE CEP:60170075,Católica Apostólica Romana,-3.7427412,-38.4962845,Dionísio Torres,Aldeota,2
191,193,15736-8,ASSOCIACAO DE ASSISTENCIA SOCIAL CATARINA LABOURE AASCL,AV  DA UNIVERSIDADE 3106  BENFICA FORTALEZA - CE CEP:60020181,Católica Apostólica Romana,-3.7426391,-38.5411056,Damas,Benfica,7
192,194,73116-1,ASSOCIACAO DE SAO VICENTE DE PAULO DE FORTALEZA,R  VINTE E CINCO DE MARCO 330  CENTRO FORTALEZA - CE CEP:60060120,Católica Apostólica Romana,-3.727433399999999,-38.52199299999999,Centro,Centro,10
193,195,153903-5,ASSOCIACAO DE SAO VICENTE DE PAULO DE FORTALEZA,R  MARTINS NETO 379  ANTÔNIO BEZERRA FORTALEZA - CE CEP:60360415,Católica Apostólica Romana,-3.7405876,-38.5888689,Antônio Bezerra,Antônio Bezerra,40
194,196,53107-3,ASSOCIACAO DE SAO VICENTE DE PAULO DE FORTALEZA,AV DES MOREIRA 2211  DIONÍSIO TORRES FORTALEZA - CE CEP:60170173,Católica Apostólica Romana,-3.7454787,-38.5010471,Aldeota,Dionísio Torres,14
195,197,53108-1,ASSOCIACAO DE SAO VICENTE DE PAULO DE FORTALEZA,AV DES MOREIRA 2211  DIONÍSIO TORRES FORTALEZA - CE CEP:60170173,Católica Apostólica Romana,-3.7454787,-38.5010471,Aldeota,Dionísio Torres,14
196,198,45026-0,ASSOCIACAO DE SAO VICENTE DE PAULO DE FORTALEZA,R PRC ISABEL 1533  FARIAS BRITO FORTALEZA - CE CEP:60015061,Católica Apostólica Romana,-3.7343865,-38.5374948,Centro,Farias Brito,15
197,199,53106-5,ASSOCIACAO DE SAO VICENTE DE PAULO DE FORTALEZA,AV DES MOREIRA 2211  DIONÍSIO TORRES FORTALEZA - CE CEP:60170173,Católica Apostólica Romana,-3.7454787,-38.5010471,Aldeota,Dionísio Torres,14
204,206,12086-3,ASSOCIACAO EDUCACIONAL MARIA AUXILIADORA,AV  JOAO PESSOA 4279  DAMAS FORTALEZA - CE CEP:60425813,Católica Apostólica Romana,-3.7510265,-38.5478379,Damas,Damas,13
205,207,12085-5,ASSOCIACAO EDUCACIONAL MARIA AUXILIADORA,AV  JOAO PESSOA 4279  DAMAS FORTALEZA - CE CEP:60425813,Católica Apostólica Romana,-3.7510265,-38.5478379,Damas,Damas,13
206,208,45305-6,ASSOCIACAO ESCOLA DA BIBLIA,AV  DA UNIVERSIDADE 1838  BENFICA FORTALEZA - CE CEP:60020180,Sem Definição,-3.7343599,-38.5334118,Benfica,Benfica,7
212,214,735376-6,ASSOCIACAO NOVA JERUSALEM,AV PRS CASTELO BRANCO   PIRAMBÚ FORTALEZA - CE CEP:60010000,Católica Apostólica Romana,-3.7125347,-38.5523643,Pirambu,Pirambu,31
213,215,105918-1,ASSOCIACAO NOVA JERUSALEM,R  FRANCISCO CALACA 178  BARRA DO CEARÁ FORTALEZA - CE CEP:60334110,Católica Apostólica Romana,-3.7034888,-38.5697391,Cristo Redentor,Barra do Ceará,6
214,216,24562-3,ASSOCIACAO REG DA CARIDADE DE S VICENTE DE PAULO DO CE,R  JOAO CORDEIRO 2343  JOAQUIM TÁVORA FORTALEZA - CE CEP:60110535,Católica Apostólica Romana,-3.741106,-38.517994,Joaquim Távora (Fortaleza),Joaquim Távora,22
215,217,73546-9,ASSOCIACAO REG DA CARIDADE DE S VICENTE DE PAULO DO CE,R DEP JOAO LOPES 138  CENTRO FORTALEZA - CE CEP:60060130,Católica Apostólica Romana,-3.726666,-38.5224205,Centro,Centro,10
216,218,24566-6,ASSOCIACAO REG DA CARIDADE DE S VICENTE DE PAULO DO CE,R  JOAO CORDEIRO 2325  JOAQUIM TÁVORA FORTALEZA - CE CEP:60110535,Católica Apostólica Romana,-3.7407883,-38.5180523,Aldeota,Joaquim Távora,22
217,219,24592-5,ASSOCIACAO REG DA CARIDADE DE S VICENTE DE PAULO DO CE,R  ANTONIO AUGUSTO 2346  JOAQUIM TÁVORA FORTALEZA - CE CEP:60110533,Católica Apostólica Romana,-3.7412283,-38.5171927,Aldeota,Joaquim Távora,22
218,220,24565-8,ASSOCIACAO REG DA CARIDADE DE S VICENTE DE PAULO DO CE,R  JOAO CORDEIRO 2331  JOAQUIM TÁVORA FORTALEZA - CE CEP:60110535,Católica Apostólica Romana,-3.741009,-38.517963,Joaquim Távora (Fortaleza),Joaquim Távora,22
219,221,20456-0,BANCO BRADESCO S.A.,Pç  PORTUGAL 44  ALDEOTA FORTALEZA - CE CEP:60170010,Sem Definição,-3.7333009,-38.4980602,Aldeota,Aldeota,2
221,223,35674-3,BETHFAGE COMUNIDADE EVANGELICA,R  JOAQUIM NABUCO 2627  DIONÍSIO TORRES FORTALEZA - CE CEP:60125121,Evangélicas,-3.7482502,-38.5051526,Dionísio Torres,Dionísio Torres,14
222,224,288485-2,CARMELO SANTA TEREZINHA,AV  ALBERTO CRAVEIRO 1680  BOA VISTA/CASTELÃO FORTALEZA - CE CEP:60861212,Católica Apostólica Romana,-3.7945667,-38.5182035,Dias Macedo,Boa Vista/Castelão,95
226,228,45827-9,CASA DOS PADRES SACRAMENTINO,R GAL CLARINDO DE QUEIROZ 1231  CENTRO FORTALEZA - CE CEP:60035130,Católica Apostólica Romana,-3.7312987,-38.5350414,Centro,Centro,10
227,229,207171-1,CASAS FRATERNAIS O NAZARENO,R  GUILHERME PERDIGAO 89  PARANGABA FORTALEZA - CE CEP:60720420,Sem Definição,-3.7745212,-38.5707585,Parangaba,Parangaba,105
228,230,97698-9,CENTRO COMUNITARIO CRISTO REDENTOR,R  CURA DARS 21  CRISTO REDENTOR FORTALEZA - CE CEP:60311010,Católica Apostólica Romana,-3.7067297,-38.5576292,Cristo Redentor,Cristo Redentor,12
229,231,93551-4,CENTRO COMUNITARIO CRISTO REDENTOR,R  GOMES PASSOS 740  ÁLVARO WEYNE FORTALEZA - CE CEP:60335060,Católica Apostólica Romana,-3.7103858,-38.5630433,Cristo Redentor,Álvaro Weyne,3
234,236,749-8,CENTRO ESPIRITA BEZERRA DE MENEZES,R DOM MANUEL DE MEDEIROS 927  PARQUE ARAXÁ FORTALEZA - CE CEP:60450605,Espírita,-3.7368615,-38.5521831,Parque Araxá,Parque Araxá,28
235,237,236785-8,CENTRO ESPIRITA CAMILLE FLAMMARION,R  HUGO VITOR 670  ANTÔNIO BEZERRA FORTALEZA - CE CEP:60360820,Espírita,-3.7456582,-38.5909157,Antônio Bezerra,Antônio Bezerra,40
237,239,42232-0,CENTRO ESPÍRITA FRANCISCO DE ASSIS,R SEN CATUNDA 117  BENFICA FORTALEZA - CE CEP:60015320,Espírita,-3.7399332,-38.5365063,Benfica,Benfica,7
238,240,284006-5,CENTRO ESPIRITA JESUS DE NAZARE,AV PRS COSTA E SILVA 5255  PASSARÉ FORTALEZA - CE CEP:60862515,Espírita,-3.827709,-38.5333,Mondubim,Passaré,88
239,241,80761-3,CENTRO ESPIRITA JOAO BATISTA,R  AMETISTA 482  CARLITO PAMPLONA FORTALEZA - CE CEP:60310053,Espírita,-3.721538799999999,-38.5530746,Carlito Pamplona,Carlito Pamplona,9
240,242,149771-5,CENTRO ESPIRITA JOAO O EVANGELISTA,R  AMADEU FURTADO 78  PARQUELÂNDIA FORTALEZA - CE CEP:60450135,Espírita,-3.7364521,-38.5640585,Parquelândia,Parquelândia,29
243,245,64515-0,CENTRO ESPIRITA PEDRO O APOSTOLO DE JESUS,R  DOS ARARIUS 245  PRAIA DE IRACEMA FORTALEZA - CE CEP:60060320,Espírita,-3.722172799999999,-38.5138348,Praia de Iracema,Praia de Iracema,32
244,246,26520-9,CENTRO JUVENIL DOM BOSCO,R  VICENTE SPINDOLA 39  VILA UNIÃO FORTALEZA - CE CEP:60420211,Católica Apostólica Romana,-3.7691462,-38.5386639,Montese,Vila União,109
245,247,128223-9,CHILDFUND BRASIL,R  ALBERTO FERREIRA 564  JARDIM IRACEMA FORTALEZA - CE CEP:60341140,Sem Definição,-3.722116,-38.5834361,Jardim Iracema,Jardim Iracema,21
246,248,44459-6,CIRCULO DE TRAB. CRIST. DE OTAVIO BONFIM,R  CARLOS SEVERO 171  FARIAS BRITO FORTALEZA - CE CEP:60011100,Sem Definição,-3.732496,-38.5415923,Farias Brito,Farias Brito,15
247,249,54884-7,COLEGIO BATISTA SANTOS DUMONT,R DES LEITE ALBUQUERQUE 1080  ALDEOTA FORTALEZA - CE CEP:60150150,Evangélicas,-3.7392087,-38.49302,Aldeota,Aldeota,2
248,250,225967-2,COLEGIO IRMA MARIA MONTENEGRO CIMM,R  RUI MONTE 331  ANTÔNIO BEZERRA FORTALEZA - CE CEP:60360640,Católica Apostólica Romana,-3.7421485,-38.5872581,Antônio Bezerra,Antônio Bezerra,40
249,251,260193-1,COLEGIO SANTO INACIO,R PDE FRANCISCO PITA 1392  ENGENHEIRO LUCIANO CAVALCANTE FORTALEZA - CE CEP:60821050,Católica Apostólica Romana,-3.7839862,-38.4932618,Jardim Das Oliveiras,Engenheiro Luciano Cavalcante,58
250,252,426169-0,COMBONIANOS NORDESTE,R  MATOS VASCONCELLOS 1591  BELA VISTA FORTALEZA - CE CEP:60442103,Católica Apostólica Romana,-3.7573071,-38.5558594,Damas,Bela Vista,94
280,282,301559-9,CONGREGACAO DAS FILHAS DE SANTA TERESA DE JESUS,R MAD ANA COUTO 147  MESSEJANA FORTALEZA - CE CEP:60842390,Católica Apostólica Romana,-3.8177303,-38.4993343,Messejana,Messejana,65
281,283,70731-7,CONGREGAÇÃO DAS FILHAS DO CORAÇÃO IMACULADO DE MARIA,R COS TRISTAO 73  CENTRO FORTALEZA - CE CEP:60050100,Católica Apostólica Romana,-3.7350783,-38.5251914,Centro,Centro,10
282,284,8328-3,CONGREGACAO DAS IRMANZINHAS DA IMACULADA CONCEICAO,R MAJ WEYNE 1624  RODOLFO TEÓFILO FORTALEZA - CE CEP:60430450,Sem Definição,-3.7409708,-38.5527056,Rodolfo Teófilo,Rodolfo Teófilo,34
285,288,397225-9,CONGREGACAO DAS IRMAS MISSIONARIAS DA IMACULADA CONCEICAO,AV PRO JOSE ARTHUR DE CARVALHO 1250  LAGOA REDONDA FORTALEZA - CE CEP:60831370,Católica Apostólica Romana,-3.827445099999999,-38.4684728,Lagoa Redonda,Lagoa Redonda,63
286,289,20735-7,CONGREGACAO DAS MISSIONARIAS REPARADORAS DO C DE JESUS,R MON BRUNO 751  MEIRELES FORTALEZA - CE CEP:60115190,Católica Apostólica Romana,-3.7290783,-38.5082908,Meireles,Meireles,24
287,290,208994-7,CONGREGACAO DAS RELIGIOSAS SAGRADA FACE,R  RIO GRANDE DO SUL 1728  JÓQUEI CLUBE FORTALEZA - CE CEP:60440214,Católica Apostólica Romana,-3.76317,-38.57032,Jóquei Clube,Jóquei Clube,101
288,291,208903-3,CONGREGACAO DAS RELIGIOSAS SAGRADA FACE,R  RIO GRANDE DO SUL 1837  JÓQUEI CLUBE FORTALEZA - CE CEP:60440214,Católica Apostólica Romana,-3.7640585,-38.5708084,Jóquei Clube,Jóquei Clube,101
289,292,209011-2,CONGREGACAO DAS RELIGIOSAS SAGRADA FACE,R  RIO GRANDE DO SUL 142  JÓQUEI CLUBE FORTALEZA - CE CEP:60441145,Católica Apostólica Romana,-3.7502982,-38.5619472,Bela Vista,Bela Vista,94
290,293,150090-2,CONGREGACAO DOS SACERDOTES DO SAGRADO CORACAO DE JESUS,R  SILVIO ROMERO 370  FLORESTA FORTALEZA - CE CEP:60336100,Católica Apostólica Romana,-3.7212726,-38.5718317,Álvaro Weyne,Floresta,17
291,294,150091-0,CONGREGACAO DOS SACERDOTES DO SAGRADO CORACAO DE JESUS,R  SILVIO ROMERO 370  FLORESTA FORTALEZA - CE CEP:60336100,Católica Apostólica Romana,-3.7212726,-38.5718317,Álvaro Weyne,Floresta,17
292,295,142768-7,CONGREGACAO DOS SACERDOTES DO SAGRADO CORACAO DE JESUS,AV DR THEBERGE 2288  PRESIDENTE KENNEDY FORTALEZA - CE CEP:60355000,Católica Apostólica Romana,-3.724536,-38.56881630000001,Presidente Kennedy,Presidente Kennedy,33
293,296,13160-1,CONGREGACAO EVANGELICA LUTERANA ESPERANNCA,R  CARLOS CAMARA 1638  DAMAS FORTALEZA - CE CEP:60425810,Evangélicas,-3.7498343,-38.5458445,Benfica,Damas,13
294,297,551007-4,CONGREGACAO FILHAS DE SANTA ANA,R PDE PEDRO DE ALENCAR 781  MESSEJANA FORTALEZA - CE CEP:60840282,Católica Apostólica Romana,-3.8344484,-38.4938722,Messejana,Messejana,65
299,302,30457-3,CONSELHO CENTRAL DE FORTALEZA DA SOC DE S VICENTE DE PAULO,R DOM EXPEDITO LOPES 2104  DIONÍSIO TORRES FORTALEZA - CE CEP:60764000,Católica Apostólica Romana,-3.743853,-38.5052843,Joaquim Távora (Fortaleza),Dionísio Torres,14
300,303,128877-6,CONSELHO COMUNITARIO JARDIM GUANABARA,R  CARLOS WALRAVEN 367  JARDIM GUANABARA FORTALEZA - CE CEP:60346672,Católica Apostólica Romana,-3.719938299999999,-38.59214900000001,Jardim Guanabara,Jardim Guanabara,20
301,304,328490-5,CONSELHO DE OBRAS PAROQUIAIS DE EDUCACAO E ASSISTENCIA,AV DOM LUIS 350  ALDEOTA FORTALEZA - CE CEP:60160196,Católica Apostólica Romana,-3.7332031,-38.4981623,Meireles,Aldeota,2
302,305,451723-7,CONSELHO DE OBRAS PAROQUIAIS DE EDUCACAO E ASSISTENCIA,R VIS DE MAUA 415  ALDEOTA FORTALEZA - CE CEP:60125160,Católica Apostólica Romana,-3.728871,-38.4968429,Meireles,Meireles,24
303,306,489390-5,CONSELHO DE OBRAS PAROQUIAIS DE EDUCACAO E ASSISTENCIA,AV DOM LUIS 348  ALDEOTA FORTALEZA - CE CEP:60160196,Católica Apostólica Romana,-3.7330991,-38.498287,Meireles,Aldeota,2
304,307,455014-5,CONSELHO DE OBRAS PAROQUIAIS DE EDUCACAO E ASSISTENCIA,R VIS DE MAUA 823  ALDEOTA FORTALEZA - CE CEP:60125058,Católica Apostólica Romana,-3.7331676,-38.4983853,Meireles,Aldeota,2
305,308,489389-1,CONSELHO DE OBRAS PAROQUIAIS DE EDUCACAO E ASSISTENCIA,AV DOM LUIS 334  ALDEOTA FORTALEZA - CE CEP:60160196,Católica Apostólica Romana,-3.7331031,-38.4983602,Meireles,Aldeota,2
306,309,7856-5,CONSELHO METR DE FORTALEZA DA SOC S VICENTE DE PAULO,R  FRANCISCA CLOTILDE 839  RODOLFO TEÓFILO FORTALEZA - CE CEP:60431072,Católica Apostólica Romana,-3.7447644,-38.5546778,Rodolfo Teófilo,Rodolfo Teófilo,34
307,310,51159-5,CONSELHO METR DE FORTALEZA DA SOC S VICENTE DE PAULO,R  SOLON PINHEIRO 1045  JOSÉ BONIFÁCIO FORTALEZA - CE CEP:60050041,Católica Apostólica Romana,-3.739496999999999,-38.5293262,Centro,José Bonifácio,23
308,311,14927-6,CONSELHO METR DE FORTALEZA DA SOC S VICENTE DE PAULO,R  GRIJALVA COSTA 113  JARDIM AMÉRICA FORTALEZA - CE CEP:60410437,Católica Apostólica Romana,-3.7514147,-38.5409903,Jardim América,Jardim América,19
309,312,43898-7,CONSELHO METR DE FORTALEZA DA SOC S VICENTE DE PAULO,AV  DOMINGOS OLIMPIO 2027  FARIAS BRITO FORTALEZA - CE CEP:60015103,Católica Apostólica Romana,-3.7333784,-38.541388,José Bonifacio,Farias Brito,15
310,313,51167-6,CONSELHO METR DE FORTALEZA DA SOC S VICENTE DE PAULO,R  SOLON PINHEIRO 1017  JOSÉ BONIFÁCIO FORTALEZA - CE CEP:60050041,Católica Apostólica Romana,-3.7392594,-38.5291263,Centro,José Bonifácio,23
311,314,43900-2,CONSELHO METR DE FORTALEZA DA SOC S VICENTE DE PAULO,AV  DOMINGOS OLIMPIO 2019  FARIAS BRITO FORTALEZA - CE CEP:60015103,Católica Apostólica Romana,-3.7333949,-38.5413141,José Bonifacio,Farias Brito,15
312,315,51139-0,CONSELHO METR DE FORTALEZA DA SOC S VICENTE DE PAULO,R  JOAQUIM MAGALHAES 28  JOSÉ BONIFÁCIO FORTALEZA - CE CEP:60040160,Católica Apostólica Romana,-3.7375094,-38.5352093,Benfica,Benfica,7
313,316,51155-2,CONSELHO METR DE FORTALEZA DA SOC S VICENTE DE PAULO,R  JOAQUIM MAGALHAES 1031  JOSÉ BONIFÁCIO FORTALEZA - CE CEP:60040125,Católica Apostólica Romana,-3.7396647,-38.5289589,José Bonifacio,José Bonifácio,23
314,317,7845-0,CONSELHO METR DE FORTALEZA DA SOC S VICENTE DE PAULO,R  ALEXANDRE BARAUNA 1460  RODOLFO TEÓFILO FORTALEZA - CE CEP:60430160,Católica Apostólica Romana,-3.7452059,-38.55467180000001,Rodolfo Teófilo,Rodolfo Teófilo,34
315,318,7854-9,CONSELHO METR DE FORTALEZA DA SOC S VICENTE DE PAULO,R  FRANCISCA CLOTILDE 849  RODOLFO TEÓFILO FORTALEZA - CE CEP:60431072,Católica Apostólica Romana,-3.7448235,-38.5547307,Rodolfo Teófilo,Rodolfo Teófilo,34
316,319,51146-3,CONSELHO METR DE FORTALEZA DA SOC S VICENTE DE PAULO,R  JOAQUIM MAGALHAES 499  JOSÉ BONIFÁCIO FORTALEZA - CE CEP:60040125,Católica Apostólica Romana,-3.738796,-38.5314634,Benfica,José Bonifácio,23
317,320,51153-6,CONSELHO METR DE FORTALEZA DA SOC S VICENTE DE PAULO,R  JOAQUIM MAGALHAES 12  JOSÉ BONIFÁCIO FORTALEZA - CE CEP:60040160,Católica Apostólica Romana,-3.7373707,-38.5354576,Benfica,Benfica,7
318,321,51202-8,CONSELHO METR DE FORTALEZA DA SOC S VICENTE DE PAULO,R BAR DE ARATANHA 760  JOSÉ BONIFÁCIO FORTALEZA - CE CEP:60050071,Católica Apostólica Romana,-3.7395225,-38.5286926,José Bonifacio,José Bonifácio,23
319,322,51204-4,CONSELHO METR DE FORTALEZA DA SOC S VICENTE DE PAULO,R BAR DE ARATANHA 764  JOSÉ BONIFÁCIO FORTALEZA - CE CEP:60050071,Católica Apostólica Romana,-3.7395606,-38.5287233,José Bonifacio,José Bonifácio,23
320,323,7848-4,CONSELHO METR DE FORTALEZA DA SOC S VICENTE DE PAULO,R  ALEXANDRE BARAUNA 1468  RODOLFO TEÓFILO FORTALEZA - CE CEP:60430160,Católica Apostólica Romana,-3.7451201,-38.554722,Rodolfo Teófilo,Rodolfo Teófilo,34
321,324,10554-6,CONSELHO METR DE FORTALEZA DA SOC S VICENTE DE PAULO,R  TEODORETO SOUTO 1150  RODOLFO TEÓFILO FORTALEZA - CE CEP:60430730,Católica Apostólica Romana,-3.7393712,-38.5452576,Rodolfo Teófilo,Rodolfo Teófilo,34
322,325,51136-6,CONSELHO METR DE FORTALEZA DA SOC S VICENTE DE PAULO,R  JOAQUIM MAGALHAES 20  JOSÉ BONIFÁCIO FORTALEZA - CE CEP:60040160,Católica Apostólica Romana,-3.7374066,-38.535324,Benfica,Benfica,7
323,326,122859-5,CONSELHO METR DE FORTALEZA DA SOC S VICENTE DE PAULO,R PRC DE NASSAU 22  FLORESTA FORTALEZA - CE CEP:60340095,Católica Apostólica Romana,-3.7287938,-38.5806247,Jardim Iracema,Floresta,17
324,327,93161-6,CONSELHO METR DE FORTALEZA DA SOC S VICENTE DE PAULO,R  VICENTE SABOIA 140  ÁLVARO WEYNE FORTALEZA - CE CEP:60335010,Católica Apostólica Romana,-3.712518,-38.560189,Álvaro Weyne,Álvaro Weyne,3
325,328,7852-2,CONSELHO METR DE FORTALEZA DA SOC S VICENTE DE PAULO,R  FRANCISCA CLOTILDE 865  RODOLFO TEÓFILO FORTALEZA - CE CEP:60431072,Católica Apostólica Romana,-3.7448846,-38.5547846,Rodolfo Teófilo,Rodolfo Teófilo,34
326,329,51156-0,CONSELHO METR DE FORTALEZA DA SOC S VICENTE DE PAULO,R  JOAQUIM MAGALHAES 1022  JOSÉ BONIFÁCIO FORTALEZA - CE CEP:60040125,Católica Apostólica Romana,-3.739539,-38.52973799999999,José Bonifacio,José Bonifácio,23
327,330,51134-0,CONSELHO METR DE FORTALEZA DA SOC S VICENTE DE PAULO,R  JOAQUIM MAGALHAES 5  JOSÉ BONIFÁCIO FORTALEZA - CE CEP:60040160,Católica Apostólica Romana,-3.7372716,-38.5352717,Benfica,Benfica,7
328,331,51145-5,CONSELHO METR DE FORTALEZA DA SOC S VICENTE DE PAULO,R  JOAQUIM MAGALHAES 21  JOSÉ BONIFÁCIO FORTALEZA - CE CEP:60040160,Católica Apostólica Romana,-3.7373165,-38.535278,Benfica,Benfica,7
329,332,51135-8,CONSELHO METR DE FORTALEZA DA SOC S VICENTE DE PAULO,R  JOAQUIM MAGALHAES 7  JOSÉ BONIFÁCIO FORTALEZA - CE CEP:60040160,Católica Apostólica Romana,-3.737362699999999,-38.5351944,Benfica,Benfica,7
330,333,7847-6,CONSELHO METR DE FORTALEZA DA SOC S VICENTE DE PAULO,R  ALEXANDRE BARAUNA 1464  RODOLFO TEÓFILO FORTALEZA - CE CEP:60430160,Católica Apostólica Romana,-3.7451271,-38.5546896,Rodolfo Teófilo,Rodolfo Teófilo,34
331,334,43901-0,CONSELHO METR DE FORTALEZA DA SOC S VICENTE DE PAULO,AV  DOMINGOS OLIMPIO 2015  FARIAS BRITO FORTALEZA - CE CEP:60015103,Católica Apostólica Romana,-3.7334031,-38.5412492,José Bonifacio,Farias Brito,15
332,335,51151-0,CONSELHO METR DE FORTALEZA DA SOC S VICENTE DE PAULO,R  JOAQUIM MAGALHAES 9  JOSÉ BONIFÁCIO FORTALEZA - CE CEP:60040160,Católica Apostólica Romana,-3.7374272,-38.5351606,Benfica,Benfica,7
333,336,51138-2,CONSELHO METR DE FORTALEZA DA SOC S VICENTE DE PAULO,R  JOAQUIM MAGALHAES 26  JOSÉ BONIFÁCIO FORTALEZA - CE CEP:60040160,Católica Apostólica Romana,-3.7375243,-38.535273,Benfica,Benfica,7
334,337,51152-8,CONSELHO METR DE FORTALEZA DA SOC S VICENTE DE PAULO,R  JOAQUIM MAGALHAES 24  JOSÉ BONIFÁCIO FORTALEZA - CE CEP:60040160,Católica Apostólica Romana,-3.7374993,-38.5353026,Benfica,Benfica,7
335,338,51157-9,CONSELHO METR DE FORTALEZA DA SOC S VICENTE DE PAULO,R  JOAQUIM MAGALHAES 1017  JOSÉ BONIFÁCIO FORTALEZA - CE CEP:60040125,Católica Apostólica Romana,-3.7394754,-38.5293176,Benfica,José Bonifácio,23
336,339,51158-7,CONSELHO METR DE FORTALEZA DA SOC S VICENTE DE PAULO,R  JOAQUIM MAGALHAES 1015  JOSÉ BONIFÁCIO FORTALEZA - CE CEP:60040125,Católica Apostólica Romana,-3.7394754,-38.5293176,Benfica,José Bonifácio,23
337,340,7844-1,CONSELHO METR DE FORTALEZA DA SOC S VICENTE DE PAULO,R  ALEXANDRE BARAUNA 1458  RODOLFO TEÓFILO FORTALEZA - CE CEP:60430160,Católica Apostólica Romana,-3.7452142,-38.5546198,Rodolfo Teófilo,Rodolfo Teófilo,34
338,341,43899-5,CONSELHO METR DE FORTALEZA DA SOC S VICENTE DE PAULO,AV  DOMINGOS OLIMPIO 2023  FARIAS BRITO FORTALEZA - CE CEP:60015103,Católica Apostólica Romana,-3.7333818,-38.5413478,José Bonifacio,Farias Brito,15
339,342,51147-1,CONSELHO METR DE FORTALEZA DA SOC S VICENTE DE PAULO,R  JOAQUIM MAGALHAES 9  JOSÉ BONIFÁCIO FORTALEZA - CE CEP:60040160,Católica Apostólica Romana,-3.7374272,-38.5351606,Benfica,Benfica,7
340,343,51140-4,CONSELHO METR DE FORTALEZA DA SOC S VICENTE DE PAULO,R  JOAQUIM MAGALHAES 19  JOSÉ BONIFÁCIO FORTALEZA - CE CEP:60040160,Católica Apostólica Romana,-3.7408924,-38.5253339,José Bonifacio,José Bonifácio,23
341,344,51161-7,CONSELHO METR DE FORTALEZA DA SOC S VICENTE DE PAULO,R  SOLON PINHEIRO 1039  JOSÉ BONIFÁCIO FORTALEZA - CE CEP:60050041,Católica Apostólica Romana,-3.739467,-38.529238,José Bonifacio,José Bonifácio,23
342,345,93162-4,CONSELHO METR DE FORTALEZA DA SOC S VICENTE DE PAULO,R  VICENTE SABOIA 144  ÁLVARO WEYNE FORTALEZA - CE CEP:60335010,Católica Apostólica Romana,-3.7123373,-38.5602336,Cristo Redentor,Álvaro Weyne,3
343,346,7851-4,CONSELHO METR DE FORTALEZA DA SOC S VICENTE DE PAULO,R  FRANCISCA CLOTILDE 867  RODOLFO TEÓFILO FORTALEZA - CE CEP:60431072,Católica Apostólica Romana,-3.744958099999999,-38.554767,Rodolfo Teófilo,Rodolfo Teófilo,34
344,347,10553-8,CONSELHO METR DE FORTALEZA DA SOC S VICENTE DE PAULO,R  TEODORETO SOUTO 1146  RODOLFO TEÓFILO FORTALEZA - CE CEP:60430730,Católica Apostólica Romana,-3.7394319,-38.54524019999999,Rodolfo Teófilo,Rodolfo Teófilo,34
345,348,7853-0,CONSELHO METR DE FORTALEZA DA SOC S VICENTE DE PAULO,R  FRANCISCA CLOTILDE 851  RODOLFO TEÓFILO FORTALEZA - CE CEP:60431072,Católica Apostólica Romana,-3.7448702,-38.5547739,Rodolfo Teófilo,Rodolfo Teófilo,34
346,349,51154-4,CONSELHO METR DE FORTALEZA DA SOC S VICENTE DE PAULO,R  JOAQUIM MAGALHAES 1033  JOSÉ BONIFÁCIO FORTALEZA - CE CEP:60040125,Católica Apostólica Romana,-3.739534799999999,-38.5290376,Benfica,José Bonifácio,23
347,350,7843-3,CONSELHO METR DE FORTALEZA DA SOC S VICENTE DE PAULO,R  ALEXANDRE BARAUNA 1456  RODOLFO TEÓFILO FORTALEZA - CE CEP:60430160,Católica Apostólica Romana,-3.7452201,-38.5546201,Rodolfo Teófilo,Rodolfo Teófilo,34
348,351,43897-9,CONSELHO METR DE FORTALEZA DA SOC S VICENTE DE PAULO,AV  DOMINGOS OLIMPIO 2031  FARIAS BRITO FORTALEZA - CE CEP:60015103,Católica Apostólica Romana,-3.7330719,-38.5413125,Otávio Bonfim,Farias Brito,15
349,352,51144-7,CONSELHO METR DE FORTALEZA DA SOC S VICENTE DE PAULO,R  JOAQUIM MAGALHAES 23  JOSÉ BONIFÁCIO FORTALEZA - CE CEP:60040160,Católica Apostólica Romana,-3.7374162,-38.53511110000001,Benfica,Benfica,7
350,353,7849-2,CONSELHO METR DE FORTALEZA DA SOC S VICENTE DE PAULO,R  FRANCISCA CLOTILDE 871  RODOLFO TEÓFILO FORTALEZA - CE CEP:60431072,Católica Apostólica Romana,-3.7450271,-38.554832,Rodolfo Teófilo,Rodolfo Teófilo,34
351,354,7846-8,CONSELHO METR DE FORTALEZA DA SOC S VICENTE DE PAULO,R  ALEXANDRE BARAUNA 1462  RODOLFO TEÓFILO FORTALEZA - CE CEP:60430160,Católica Apostólica Romana,-3.7451744,-38.55467460000001,Rodolfo Teófilo,Rodolfo Teófilo,34
352,355,7857-3,CONSELHO METR DE FORTALEZA DA SOC S VICENTE DE PAULO,R  FRANCISCA CLOTILDE 833  RODOLFO TEÓFILO FORTALEZA - CE CEP:60431072,Católica Apostólica Romana,-3.7447806,-38.5546104,Rodolfo Teófilo,Rodolfo Teófilo,34
353,356,7858-1,CONSELHO METR DE FORTALEZA DA SOC S VICENTE DE PAULO,R  FRANCISCA CLOTILDE 829  RODOLFO TEÓFILO FORTALEZA - CE CEP:60431072,Católica Apostólica Romana,-3.7446918,-38.5546116,Rodolfo Teófilo,Rodolfo Teófilo,34
354,357,51137-4,CONSELHO METR DE FORTALEZA DA SOC S VICENTE DE PAULO,R  JOAQUIM MAGALHAES 22  JOSÉ BONIFÁCIO FORTALEZA - CE CEP:60040160,Católica Apostólica Romana,-3.7374763,-38.5353305,Benfica,Benfica,7
355,358,71793-2,CONSELHO METR DE FORTALEZA DA SOC S VICENTE DE PAULO,R  JAIME BENEVOLO 51  CENTRO FORTALEZA - CE CEP:60050080,Católica Apostólica Romana,-3.7328575,-38.5253478,Centro,Centro,10
356,359,7850-6,CONSELHO METR DE FORTALEZA DA SOC S VICENTE DE PAULO,R  FRANCISCA CLOTILDE 869  RODOLFO TEÓFILO FORTALEZA - CE CEP:60431072,Católica Apostólica Romana,-3.7449928,-38.554747,Rodolfo Teófilo,Rodolfo Teófilo,34
357,360,51148-0,CONSELHO METR DE FORTALEZA DA SOC S VICENTE DE PAULO,R  JOAQUIM MAGALHAES 15  JOSÉ BONIFÁCIO FORTALEZA - CE CEP:60040160,Católica Apostólica Romana,-3.737405,-38.5351244,Benfica,Benfica,7
358,361,43903-7,CONSELHO METR DE FORTALEZA DA SOC S VICENTE DE PAULO,AV  DOMINGOS OLIMPIO 2007  FARIAS BRITO FORTALEZA - CE CEP:60015103,Católica Apostólica Romana,-3.7334116,-38.5411739,José Bonifacio,Farias Brito,15
360,363,378547-5,DIACONIA,R  PEDRO PEREIRA 460  303 CENTRO FORTALEZA - CE CEP:60035000,Católica Apostólica Romana,-3.729298,-38.5294778,Centro,Centro,10
361,364,378546-7,DIACONIA,R  PEDRO PEREIRA 460  302 CENTRO FORTALEZA - CE CEP:60035000,Católica Apostólica Romana,-3.729298,-38.5294778,Centro,Centro,10
362,365,77307-7,DIACONIA,R  PEDRO PEREIRA 460  301 CENTRO FORTALEZA - CE CEP:60035000,Católica Apostólica Romana,-3.729298,-38.5294778,Centro,Centro,10
363,366,254236-6,DIOCESE DE TIANGUA,R  VITORIANO BORGES 387  SERRINHA FORTALEZA - CE CEP:60741370,Católica Apostólica Romana,-3.7817209,-38.5513626,Serrinha,Serrinha,107
367,370,493191-2,EMPREENDIMENTO EDUCACIONAL MARACANAU LTDA,R  CARNEIRO DA CUNHA 110  5-A JACARECANGA FORTALEZA - CE CEP:60010470,Sem Definição,-3.7245499,-38.5413508,Jacarecanga,Centro,10
369,372,204174-0,ESPOLIO DE FRANCISCO PEREIRA DE ALMEIDA,R  MARIO DE ANDRADE   SN BELA VISTA FORTALEZA - CE CEP:60442132,Sem Definição,-3.7498125,-38.5621889,Bela Vista,Bela Vista,94
370,373,223614-1,ESPÓLIO DE THEODORO DE CASTRO MOURA,AV  OSCAR ARARIPE 3283  GRANJA LISBOA FORTALEZA - CE CEP:60540442,Evangélicas,-3.784948,-38.619855,Granja Lisboa,Granja Lisboa,78
372,375,95690-2,FRANCILEIDE NASCIMENTO DE CASTRO,R  FILIPE CAMARAO 874  CRISTO REDENTOR FORTALEZA - CE CEP:60337620,Sem Definição,-3.708632,-38.5601709,Cristo Redentor,Cristo Redentor,12
373,376,159966-6,FRANCISCA CARNEIRO DE SOUZA,R  ISAIE BORIS 336  MONTESE FORTALEZA - CE CEP:60410160,Evangélicas,-3.7669354,-38.5483867,Montese,Montese,103
374,377,404730-3,FRANCISCO DE ASSIS OLIVEIRA,TV  BENEDITO SOBRINHO 20  VILA PERY FORTALEZA - CE CEP:60000000,Evangélicas,-3.783448999999999,-38.580292,Vila Peri,Vila Peri,108
375,378,163556-5,FRANCISCO SANDRO MARTINS,R  MATOS VASCONCELLOS 886  DAMAS FORTALEZA - CE CEP:60440018,Sem Definição,-3.753324,-38.5523,Damas,Damas,13
377,380,431463-8,FUNDACAO BEZERRA DE MENEZES,AV MAJ ASSIS 2333  VILA VELHA FORTALEZA - CE CEP:60345631,Espírita,-3.7205874,-38.6008474,Vila Velha,Vila Velha,39
387,390,425286-1,IGREJA ASSEMBLEIA DE DEUS MINISTERIO DEUS E FIEL,R  DA CARAUBA 58  JARDIM DAS OLIVEIRAS FORTALEZA - CE CEP:60820350,Evangélicas,-3.7818061,-38.5097592,Jardim Das Oliveiras,Jardim das Oliveiras,62
400,405,4290-0,IGREJA BATISTA DE MONTE CASTELO,R  JOSE CANDIDO 700  SÃO GERARDO FORTALEZA - CE CEP:60325490,Evangélicas,-3.7311394,-38.5515062,Monte Castelo,São Gerardo,1
403,408,8829-3,IGREJA BATISTA DE PORANGABUCU,R PAT SAMUEL MUNGUBA 732  RODOLFO TEÓFILO FORTALEZA - CE CEP:60430375,Evangélicas,-3.7461733,-38.5478673,Rodolfo Teófilo,Rodolfo Teófilo,34
409,414,283547-9,IGREJA BATISTA INDEPENDENTE,R  JOSE PEDRA 1435  PARQUE DOIS IRMÃOS FORTALEZA - CE CEP:60743246,Evangélicas,-3.800404,-38.55094800000001,Parque Dois Irmãos,Parque Dois Irmãos,84
415,420,262348-0,IGREJA BATISTA REGULAR FILADELFIA,R REV BOLIVAR PINTO BANDEIRA 107  ENGENHEIRO LUCIANO CAVALCANTE FORTALEZA - CE CEP:60811310,Evangélicas,-3.7711911,-38.492221,Luciano Cavalcante,Engenheiro Luciano Cavalcante,58
416,421,262347-1,IGREJA BATISTA REGULAR FILADELFIA,R REV BOLIVAR PINTO BANDEIRA 119  ENGENHEIRO LUCIANO CAVALCANTE FORTALEZA - CE CEP:60811310,Evangélicas,-3.7709762,-38.4920142,Luciano Cavalcante,Engenheiro Luciano Cavalcante,58
420,425,885136-0,IGREJA BETESDA DO CEARÁ,R CAP GUSTAVO 3552 SALA 01 JOAQUIM TÁVORA FORTALEZA - CE CEP:60120140,Evangélicas,-3.7524575,-38.5176727,Joaquim Távora (Fortaleza),Joaquim Távora,22
421,426,34024-3,IGREJA BETESDA DO CEARÁ,R CAP GUSTAVO 3552  JOAQUIM TÁVORA FORTALEZA - CE CEP:60120140,Evangélicas,-3.7524575,-38.5176727,Joaquim Távora (Fortaleza),Joaquim Távora,22
422,427,36686-2,IGREJA BETESDA DO CEARÁ,AV  DOS FLAMBOYANTS   Q035 L021 COCÓ FORTALEZA - CE CEP:60190570,Evangélicas,-3.7501152,-38.4754655,Não identificado,Cidade 2000,111
423,428,885137-9,IGREJA BETESDA DO CEARÁ,R CAP GUSTAVO 3552 SALA 02 JOAQUIM TÁVORA FORTALEZA - CE CEP:60120140,Evangélicas,-3.7524575,-38.5176727,Joaquim Távora (Fortaleza),Joaquim Távora,22
424,429,36687-0,IGREJA BETESDA DO CEARÁ,AV  DOS FLAMBOYANTS   L022 Q035 COCÓ FORTALEZA - CE CEP:60190570,Evangélicas,-3.7501152,-38.4754655,Não identificado,Cidade 2000,111
425,430,231511-4,IGREJA BETESDA DO CEARÁ,R  ROMEU MARTINS 267  MONTESE FORTALEZA - CE CEP:60420720,Evangélicas,-3.7639525,-38.5556782,Montese,Montese,103
426,432,709120-6,IGREJA BETESDA DO CEARÁ,R  S LOT EXPEDICIONARIOS II   Q016_L001 MONDUBIM FORTALEZA - CE CEP:60761795,Evangélicas,-3.808235799999999,-38.5574297,Mondubim,Mondubim,83
427,433,132257-5,IGREJA BETESDA DO CEARÁ,R  DUAS NACOES 904  GRANJA PORTUGAL FORTALEZA - CE CEP:60545242,Evangélicas,-3.7789465,-38.602655,Granja Portugal,Granja Portugal,79
428,434,726007-5,IGREJA BETESDA DO CEARÁ,R CAP GUSTAVO 3552  A JOAQUIM TÁVORA FORTALEZA - CE CEP:60120140,Evangélicas,-3.7524575,-38.5176727,Joaquim Távora (Fortaleza),Joaquim Távora,22
430,436,157596-1,IGREJA BIBLICA DO SITIO BOATAN,R  RAIMUNDO PINHEIRO BASTOS 333  QUINTINO CUNHA FORTALEZA - CE CEP:60350740,Evangélicas,-3.7302982,-38.5873519,Quintino Cunha,Olavo Oliveira,119
432,439,207109-6,IGREJA BIBLICA SANTA FE,R  CANDIDO HOLANDA 65  PARANGABA FORTALEZA - CE CEP:60720360,Sem Definição,-3.7721522,-38.56993689999999,Parangaba,Parangaba,105
439,446,50051-8,IGREJA CRISTA MARANATA PRESBITERIO ESP SANTENSE,R  JOAQUIM MAGALHAES 1220  JOSÉ BONIFÁCIO FORTALEZA - CE CEP:60040125,Evangélicas,-3.7402527,-38.5274614,Benfica,José Bonifácio,23
461,468,195711-2,IGREJA DO EVANGELHO QUANDRANGULAR,R  CARLOS CHAGAS 425  BONSUCESSO FORTALEZA - CE CEP:60541704,Evangélicas,-3.780597799999999,-38.5839887,Bonsucesso,Bonsucesso,73
462,469,4600-0,IGREJA DO EVANGELIO PLENO,PC CEL JOAO FONTES 366  MONTE CASTELO FORTALEZA - CE CEP:60326440,Evangélicas,-3.7265878,-38.5471858,Monte Castelo,Monte Castelo,25
463,470,343529-6,IGREJA DO EVANGELIO PLENO,R STO AMARO   Q014 L014 PICI FORTALEZA - CE CEP:60760665,Evangélicas,-3.7542173,-38.5781093,Pici,Pici,106
467,474,605703-9,"IGREJA EVANG.ASSEMB.DEUS,MISSAO MIN.EM FORT.EST.CEARA",R  6 (CONJ. ARVOREDO) 1652  IGREJA MONDUBIM FORTALEZA - CE CEP:60752360,Evangélicas,-3.8193457,-38.5812943,Mondubim,Mondubim,83
469,476,201712-1,IGREJA EVANGELICA ASSEMB DE DEUS DE BELA VISTA,R STA CATARINA 206  PAN AMERICANO FORTALEZA - CE CEP:60440795,Evangélicas,-3.753422699999999,-38.5652632,Demócrito Rocha,Panamericano,104
470,477,92894-1,IGREJA EVANGELICA ASSEMB DE DEUS DE BELA VISTA,R  ALVARO DE ALENCAR 141  CARLITO PAMPLONA FORTALEZA - CE CEP:60311750,Evangélicas,-3.7124556,-38.5571673,Jacarecanga,Carlito Pamplona,9
471,478,45700-0,IGREJA EVANGELICA ASSEMB DE DEUS DE BELA VISTA,R GAL SAMPAIO 1572  CENTRO FORTALEZA - CE CEP:60020030,Evangélicas,-3.7322406,-38.5325444,Centro,Centro,10
472,479,192066-9,IGREJA EVANGELICA ASSEMB DE DEUS DE BELA VISTA,R  SILVA BAIMA 735  DOM LUSTOSA FORTALEZA - CE CEP:60526065,Evangélicas,-3.754852,-38.5844049,Dom Lustosa,Dom Lustosa,43
473,480,45684-5,IGREJA EVANGELICA ASSEMB DE DEUS DE BELA VISTA,R  24 DE MAIO   VAGO CENTRO FORTALEZA - CE CEP:60020000,Evangélicas,-3.7284106,-38.5324901,Centro,Centro,10
474,481,527863-5,IGREJA EVANGELICA ASSEMB DE DEUS DE BELA VISTA,R  02 SANTANA I 380  MONDUBIM FORTALEZA - CE CEP:60767620,Evangélicas,-3.7973809,-38.6175844,Não identificado,Granja Lisboa,78
475,482,267594-3,IGREJA EVANGELICA ASSEMB DE DEUS DE BELA VISTA,R  VICENTE NOBRE MACEDO 654  MESSEJANA FORTALEZA - CE CEP:60841110,Evangélicas,-3.8281356,-38.4849512,Messejana,Messejana,65
476,483,891012-0,IGREJA EVANGELICA ASSEMB DE DEUS DE BELA VISTA,R  BELGICA 893  MARAPONGA FORTALEZA - CE CEP:60710790,Evangélicas,-3.7894504,-38.565588,Maraponga,Maraponga,82
477,484,652066-9,IGREJA EVANGELICA ASSEMB DE DEUS DE BELA VISTA,AV DES GONZAGA 74  CIDADE DOS FUNCIONÁRIOS FORTALEZA - CE CEP:60823012,Evangélicas,-3.787751799999999,-38.5045442,Cidade dos Funcionários,Cidade dos Funcionários,54
478,485,45701-9,IGREJA EVANGELICA ASSEMB DE DEUS DE BELA VISTA,R GAL SAMPAIO 1582  CENTRO FORTALEZA - CE CEP:60020030,Evangélicas,-3.732491399999999,-38.53267719999999,Centro,Centro,10
479,486,636500-0,IGREJA EVANGELICA ASSEMB DE DEUS DE BELA VISTA,R  VICENTE NOBRE MACEDO 654  A MESSEJANA FORTALEZA - CE CEP:60841110,Evangélicas,-3.8281356,-38.4849512,Messejana,Messejana,65
480,487,362882-5,IGREJA EVANGELICA ASSEMB DE DEUS-MINIST INTERNACIONAL BETHEL,R  JATI 554  Q00C MONDUBIM FORTALEZA - CE CEP:60347460,Evangélicas,-3.8237468,-38.5668476,Mondubim,Mondubim,83
609,617,110174-9,IGREJA EVANGELICA ASSEMBLEIA DE DEUS BETESDA,AV DR THEBERGE 1718  ÁLVARO WEYNE FORTALEZA - CE CEP:60337578,Evangélicas,-3.7161546,-38.5655451,Cristo Redentor,Álvaro Weyne,3
610,618,195678-7,IGREJA EVANGELICA ASSEMBLEIA DE DEUS DE BELA VISTA,R  CARLOS CHAGAS 269 OUTRO IGREJA BONSUCESSO FORTALEZA - CE CEP:60541704,Evangélicas,-3.7810249,-38.58278,Bonsucesso,Bonsucesso,73
611,619,203974-5,IGREJA EVANGELICA ASSEMBLEIA DE DEUS DE BELA VISTA,R  VIRIATO RIBEIRO 436  BELA VISTA FORTALEZA - CE CEP:60442642,Evangélicas,-3.7527688,-38.5586331,Bela Vista,Bela Vista,94
620,628,727810-1,IGREJA EVANGELICA ASSEMBLEIA DE DEUS FILADELFIA-MIN FILADELF,R  ALFA   Q002 L133 MARAPONGA FORTALEZA - CE CEP:60711210,Evangélicas,-3.794238,-38.5702144,Maraponga,Maraponga,82
621,629,226581-8,IGREJA EVANGELICA ASSEMBLEIA DE DEUS FILADELFIA-MIN FILADELF,R  CLAUDIO MANOEL 429  PICI FORTALEZA - CE CEP:60440570,Evangélicas,-3.7495779,-38.5719251,Pici,Pici,106
622,630,125701-3,IGREJA EVANGELICA ASSEMBLEIA DE DEUS FONTE INESGOTAVEL,R  CONSOLACAO 725  JARDIM IRACEMA FORTALEZA - CE CEP:60341360,Evangélicas,-3.7243923,-38.5847894,Jardim Iracema,Jardim Iracema,21
623,631,125702-1,IGREJA EVANGELICA ASSEMBLEIA DE DEUS FONTE INESGOTAVEL,R  CONSOLACAO 719  JARDIM IRACEMA FORTALEZA - CE CEP:60341360,Evangélicas,-3.724359,-38.5847882,Jardim Iracema,Jardim Iracema,21
624,632,563647-7,IGREJA EVANGELICA ASSMBLEIA DE DEUS DE BOM JESUS,R  BOM JESUS 2030  GRANJA LISBOA FORTALEZA - CE CEP:60540255,Evangélicas,-3.7907353,-38.6118051,Granja Lisboa,Granja Lisboa,78
633,642,274026-5,IGREJA NOVA APOSTOLICA BRASIL,AV GAL OSORIO DE PAIVA 5096  BOM JARDIM FORTALEZA - CE CEP:60731534,Católica Apostólica Romana,-3.802925799999999,-38.6009837,Bom Jardim,Bom Jardim,72
636,645,177100-0,IGREJA PRESBITERIANA DA AEROLANDIA,R CAP OLAVO 1001  AEROLÂNDIA FORTALEZA - CE CEP:60850685,Evangélicas,-3.770941,-38.5145942,Aerolândia,Aerolândia,91
637,646,31620-2,IGREJA PRESBITERIANA DA ALDEOTA,R  CAROLINA SUCUPIRA 93  ALDEOTA FORTALEZA - CE CEP:60140120,Evangélicas,-3.740276199999999,-38.5021967,Aldeota,Aldeota,2
641,650,5211-6,IGREJA PRESBITERIANA DE MONTE CASTELO,R PDE FROTA 766  SÃO GERARDO FORTALEZA - CE CEP:60325160,Evangélicas,-3.7314993,-38.5491472,Monte Castelo,São Gerardo,1
642,651,5214-0,IGREJA PRESBITERIANA DE MONTE CASTELO,R PDE FROTA 788  SÃO GERARDO FORTALEZA - CE CEP:60325160,Evangélicas,-3.7317087,-38.5490857,Monte Castelo,São Gerardo,1
643,652,14763-0,IGREJA PRESBITERIANA DO BRASIL EM JARDIM AMERICA IPBJA,R  JULIO CESAR 593  JARDIM AMÉRICA FORTALEZA - CE CEP:60410505,Evangélicas,-3.7493303,-38.541957,Jardim América,Jardim América,19
644,653,515581-9,IGREJA PRESBITERIANA DO CONJ J. WALTER,R  41 (CONJ. RESID. PREF. JOSE WALTER) 511  PREFEITO JOSÉ WALTER FORTALEZA - CE CEP:60750550,Evangélicas,-3.833418399999999,-38.558725,Prefeito José Walter,Prefeito José Walter,89
645,654,234857-8,IGREJA PRESBITERIANA INDEP DE HEN JORGE,AV  AUDIZIO PINHEIRO 365  DOM LUSTOSA FORTALEZA - CE CEP:60526025,Evangélicas,-3.756105,-38.587259,Dom Lustosa,Dom Lustosa,43
677,686,16445-3,INSTITUICAO ESPIRITA NOSSO LAR,R DOM JERONIMO 2380  BENFICA FORTALEZA - CE CEP:60015355,Espírita,-3.7364705,-38.5428004,Não identificado,Farias Brito,15
678,687,16506-9,INSTITUICAO ESPIRITA NOSSO LAR,R  CARAPINIMA 2424  BENFICA FORTALEZA - CE CEP:60015290,Espírita,-3.7406511,-38.541236,Benfica,Benfica,7
679,688,45405-2,INSTITUICAO RELIGIOSA PERFECT LIBERT,R  ANTONIO POMPEU 999  BENFICA FORTALEZA - CE CEP:60040001,Outras religiosidades,-3.7344002,-38.53263219999999,Centro,Benfica,7
680,689,67100-2,INSTITUTO BOM PASTOR,R  ANTONIO BANDEIRA   TV JACARECANGA FORTALEZA - CE CEP:60010660,Católica Apostólica Romana,-3.722897,-38.5442657,Jacarecanga,Jacarecanga,18
685,694,296140-7,INSTITUTO DAS MENSAGEIRAS DE SANTA MARIA,R  OSCAR LEITAO 377  PAUPINA FORTALEZA - CE CEP:60872685,Católica Apostólica Romana,-3.837693999999999,-38.4907218,Messejana,Paupina,68
686,695,971-7,INSTITUTO DE FORMACAO E ASSISTENCIA SOCIAL,R  JOSE SOMBRA 440  PARQUE ARAXÁ FORTALEZA - CE CEP:60450610,Sem Definição,-3.736237,-38.5467882,Parque Araxá,Parque Araxá,28
687,696,327330-0,INSTITUTO HESED D IR E IRMAS DA S CRUZ BAV MA DO M CARMELO,AV  DIONISIO ALENCAR   VAZIO JANGURUSSU FORTALEZA - CE CEP:60870576,Católica Apostólica Romana,-3.8497649,-38.5042676,Jangurussu,Jangurussu,61
688,697,322294-2,INSTITUTO HESED D IR E IRMAS DA S CRUZ BAV MA DO M CARMELO,AV  DIONISIO ALENCAR 1443  JANGURUSSU FORTALEZA - CE CEP:60873073,Católica Apostólica Romana,-3.8471575,-38.502792,Ancuri,Parque Santa Maria,102
693,702,54253-9,INSTITUTO MARIA IMACULADA,AV SEN VIRGILIO TAVORA 1751  ALDEOTA FORTALEZA - CE CEP:60170079,Católica Apostólica Romana,-3.7417166,-38.4944761,Dionísio Torres,Aldeota,2
694,703,54249-0,INSTITUTO MARIA IMACULADA,AV PDE ANTONIO TOMAS 2035  ALDEOTA FORTALEZA - CE CEP:60140155,Católica Apostólica Romana,-3.7416714,-38.4941934,Cocó,Aldeota,2
695,704,79469-4,IRMANDADE BENEF DA SANTA CASA DA MISERICORDIA DE FORTALEZA,R BAR DO RIO BRANCO 20  CENTRO FORTALEZA - CE CEP:60025060,Católica Apostólica Romana,-3.7224303,-38.527605,Centro,Centro,10
696,705,67821-0,IRMANDADE BENEF DA SANTA CASA DA MISERICORDIA DE FORTALEZA,R  TERESA CRISTINA 37  CENTRO FORTALEZA - CE CEP:60015140,Católica Apostólica Romana,-3.7209899,-38.5348193,Centro,Centro,10
697,706,228569-0,IRMANDADE BENEF DA SANTA CASA DA MISERICORDIA DE FORTALEZA,AV  JOAO PESSOA 6600  PARANGABA FORTALEZA - CE CEP:60721340,Católica Apostólica Romana,-3.767857899999999,-38.5608386,Parangaba,Parangaba,105
698,708,353125-2,JORGE LUIZ ALBUQUERQUE ARRUDA,R  IV (CIDADE OESTE)   L033 Q004 QUINTINO CUNHA FORTALEZA - CE CEP:60351580,Sem Definição,-3.726094,-38.602103,Quintino Cunha,Quintino Cunha,48
699,709,260889-8,JOSE ITALO RODRIGUES SANTIAGO,R  ATAULFO ALVES 326 LOTE 09_Q-_25_JD_DAS_OLIVEIRAS JARDIM DAS OLIVEIRAS FORTALEZA - CE CEP:60821460,Sem Definição,-3.7842679,-38.4973109,Jardim Das Oliveiras,Jardim das Oliveiras,62
700,710,426179-8,LAR DA CRIANCA DOMINGOS SAVIO,R  HELVECIO MONTE 165  VILA UNIÃO FORTALEZA - CE CEP:60420040,Católica Apostólica Romana,-3.768439,-38.530926,Vila União,Vila União,109
701,711,74511-1,LAYLLA PRISCILLA MOREIRA DE LIMA,R  PEDRO PEREIRA 581  CENTRO FORTALEZA - CE CEP:60035000,Católica Apostólica Romana,-3.7291337,-38.5305568,Centro,Centro,10
703,713,336495-0,LECTORIUM ROSICRUCIANUN,R  DOS MAIAS (ENGENHEIRO LUCIANO CAVALCANTE) 750  ENGENHEIRO LUCIANO CAVALCANTE FORTALEZA - CE CEP:60813805,Outras religiosidades,-3.7858399,-38.4936559,Luciano Cavalcante,Engenheiro Luciano Cavalcante,58
704,714,450468-2,LECTORIUM ROSICRUCIANUN,R  DOS MAIAS (ENGENHEIRO LUCIANO CAVALCANTE) 90  ENGENHEIRO LUCIANO CAVALCANTE FORTALEZA - CE CEP:60813805,Outras religiosidades,-3.7847645,-38.4935951,Luciano Cavalcante,Engenheiro Luciano Cavalcante,58
705,715,666568-3,LECTORIUM ROSICRUCIANUN,R  CLEITON HELAIDE PIMENTA   TERRENO INTERNO VAZIO ENGENHEIRO LUCIANO CAVALCANTE FORTALEZA - CE CEP:60821410,Outras religiosidades,-3.784073,-38.4951827,Luciano Cavalcante,Jardim das Oliveiras,62
707,717,15493-8,LEGIAO ESPIRITA FEMININA,R MAJ LAURINDO 115  BENFICA FORTALEZA - CE CEP:60020070,Espírita,-3.747457199999999,-38.5394632,Benfica,Benfica,7
708,718,42817-5,MARIA ERINEIDE FERNANDES,R SEN CATUNDA 100  BENFICA FORTALEZA - CE CEP:60015320,Sem Definição,-3.739883899999999,-38.5361741,Benfica,Benfica,7
717,727,52788-2,MISSAO BATISTA CONSERVADORA DO BRASIL,R PRO FRANCISCO GONCALVES 225  DIONÍSIO TORRES FORTALEZA - CE CEP:60135430,Evangélicas,-3.7476047,-38.4983169,Dionísio Torres,Dionísio Torres,14
718,728,557435-8,MISSIONARIAS DE SANTA TEREZINHA,R  ODORICO MORAIS 906  CARLITO PAMPLONA FORTALEZA - CE CEP:60310350,Sem Definição,-3.7152539,-38.5533112,Jacarecanga,Carlito Pamplona,9
719,729,84994-4,MISSIONARIAS DE SANTA TEREZINHA,R STA ROSA 579  CARLITO PAMPLONA FORTALEZA - CE CEP:60311420,Sem Definição,-3.7152285,-38.5534958,Carlito Pamplona,Carlito Pamplona,9
720,730,167179-0,MITRA ARQUID.DE FORTALEZA DE VL.BETANIA,R  THOMAS EDISON 849  PARANGABA FORTALEZA - CE CEP:60740745,Católica Apostólica Romana,-3.7812689,-38.5551367,Parangaba,Parangaba,105
721,731,29876-0,MITRA ARQUIDIOCESANA DE FORT. PAQ. NOSSA SENHORA DE FATIMA,EST  FERRO MUCURIPE   SN SÃO JOÃO DO TAUAPE FORTALEZA - CE CEP:60130550,Católica Apostólica Romana,-3.7609568,-38.5117843,São João do Tauape,Tauape,35
746,756,48129-7,ORDEM DA IMAC C BENAVENT V MARIA,AV VIS DO RIO BRANCO 2590  FÁTIMA FORTALEZA - CE CEP:60055364,Católica Apostólica Romana,-3.7434974,-38.5226162,Fátima,Fátima,16
759,769,383189-2,PAROQUIA NOSSA SENHORA DA CONCEICAO,R  1163 (CONJ. CEARA I) 166  CONJUNTO CEARÁ I FORTALEZA - CE CEP:60533560,Católica Apostólica Romana,-3.7638123,-38.610596,Conjunto Ceará I,Conjunto Ceará I,42
760,770,4811-9,PARÓQUIA SENHOR DO BONFIM,R  CONRADO CABRAL 648  MONTE CASTELO FORTALEZA - CE CEP:60325645,Católica Apostólica Romana,-3.7305138,-38.5498036,Monte Castelo,São Gerardo,1
767,778,139193-3,PRIMEIRA IGREJA BIBLICA INDEPENDENTE DE FORTALEZA,R  GOIS MONTEIRO 437  PADRE ANDRADE FORTALEZA - CE CEP:60356322,Evangélicas,-3.7339678,-38.5789459,Padre Andrade,Padre Andrade,47
768,779,282769-7,PROJETO MISSIONARIO,R  ITABORAI 267  PASSARÉ FORTALEZA - CE CEP:60861830,Sem Definição,-3.8128265,-38.5183007,Passaré,Passaré,88
771,782,96268-6,PROVINCIA SAO FRANCISCO DAS CHAGAS CEARA E PIAUI,R NSA DAS GRACAS 526  PIRAMBÚ FORTALEZA - CE CEP:60310770,Católica Apostólica Romana,-3.710071499999999,-38.55313690000001,Pirambu,Pirambu,31
777,788,166548-0,RAFAEL DIOGENES PINHEIRO,R CON DE CASTRO 62  PARANGABA FORTALEZA - CE CEP:60720096,Sem Definição,-3.7751134,-38.5644911,Vila Peri,Parangaba,105
778,789,137284-0,REDE DE EDUCACAO SMIC,AV  BEZERRA DE MENEZES 2840  PRESIDENTE KENNEDY FORTALEZA - CE CEP:60325002,Católica Apostólica Romana,-3.7354991,-38.5692879,São Gerardo,Presidente Kennedy,33
779,790,83774-1,SEGUNDA IGREJA PREBISTERIANA DE FORTALEZA,AV  FRANCISCO SA 2828  CARLITO PAMPLONA FORTALEZA - CE CEP:60310052,Evangélicas,-3.7193399,-38.5509318,Barra do Ceará,Carlito Pamplona,9
780,791,16367-8,SEICHO NO IE DO BRASIL,R  WALDERY UCHOA 72  BENFICA FORTALEZA - CE CEP:60020110,Outras religiosidades,-3.7427797,-38.5380898,Benfica,Benfica,7
782,794,33445-6,SEMINARIO TEOLOGICO BATISTA DO CEARA,R PRO CARVALHO 3071  JOAQUIM TÁVORA FORTALEZA - CE CEP:60120205,Evangélicas,-3.7515485,-38.5150047,Joaquim Távora (Fortaleza),Joaquim Távora,22
783,795,244315-5,SERVICO SOCIAL DO COMERCIO - SESC - AR.CE.,R  JOSE BASTOS 5217  COUTO FERNANDES FORTALEZA - CE CEP:60442108,Sem Definição,-3.7602163,-38.5601865,Demócrito Rocha,Couto Fernandes,96
784,796,215332-7,SOCIEDADE EDUCACAO E CARIDADE,R  NEREIDE 300  GRANJA PORTUGAL FORTALEZA - CE CEP:60540685,Sem Definição,-3.7894414,-38.5921526,Granja Portugal,Granja Portugal,79
786,798,584099-6,SOCIEDADE ESPIRITA IRMAO GERARDO - S.E.I.G,R  IRINEU DE SOUSA 500  CRISTO REDENTOR FORTALEZA - CE CEP:60337180,Espírita,-3.709846,-38.5706161,Álvaro Weyne,Cristo Redentor,12
788,800,43075-7,UNIAO ESPIRITA CEARENSE,R  CARAPINIMA 1695  BENFICA FORTALEZA - CE CEP:60015290,Espírita,-3.7365526,-38.5364074,Benfica,Benfica,7
789,801,43076-5,UNIAO ESPIRITA CEARENSE,R  CARAPINIMA 1695  BENFICA FORTALEZA - CE CEP:60015290,Espírita,-3.7365526,-38.5364074,Benfica,Benfica,7
790,802,43078-1,UNIAO ESPIRITA CEARENSE,R  CARAPINIMA 1695  BENFICA FORTALEZA - CE CEP:60015290,Espírita,-3.7365526,-38.5364074,Benfica,Benfica,7
791,803,43077-3,UNIAO ESPIRITA CEARENSE,R  CARAPINIMA 1695  BENFICA FORTALEZA - CE CEP:60015290,Espírita,-3.7365526,-38.5364074,Benfica,Benfica,7
792,804,144772-6,UNIAO MISS DOS ADV DO SET DIA M R NO BR,R  ERICO MOTA 1275  AMADEU FURTADO FORTALEZA - CE CEP:60455495,Evangélicas,-3.7488641,-38.5601598,Amadeu Furtado,Amadeu Furtado,4
793,805,144771-8,UNIAO MISS DOS ADV DO SET DIA M R NO BR,R  ERICO MOTA 1275  A AMADEU FURTADO FORTALEZA - CE CEP:60455495,Evangélicas,-3.7488641,-38.5601598,Amadeu Furtado,Amadeu Furtado,4
794,806,237371-8,UNIAO NE BRASILEIRA DA IGREJA ADVENTISTA DOS DIA,R TEN QUEIROS 610  ANTÔNIO BEZERRA FORTALEZA - CE CEP:60360170,Evangélicas,-3.745015499999999,-38.591534,Antônio Bezerra,Antônio Bezerra,40
800,812,330192-3,UNIAO NORTE BRASILEIRA DA IGREJA ADVENTISTA DO 7 DIA,R  ANTONIO MONTEIRO 789  PARQUE SANTA ROSA FORTALEZA - CE CEP:60762742,Evangélicas,-3.81925,-38.596476,Parque Santa Rosa (Apolo XI),Parque Santa Rosa,87
801,813,613728-8,UNIAO NORTE BRASILEIRA DA IGREJA ADVENTISTA DO 7 DIA,R PRO VICENTE SILVEIRA 661  VILA UNIÃO FORTALEZA - CE CEP:60410672,Evangélicas,-3.767169999999999,-38.5387285,Vila União,Vila União,109
802,814,307048-4,UNIAO NORTE BRASILEIRA DA IGREJA ADVENTISTA DO 7 DIA,R  NUNES VALENTE 3050  DIONÍSIO TORRES FORTALEZA - CE CEP:60125071,Evangélicas,-3.7509879,-38.5086831,Dionísio Torres,Dionísio Torres,14
803,815,4321-4,UNIAO NORTE BRASILEIRA DA IGREJA ADVENTISTA DO 7 DIA,R PDE ANCHIETA 1111  SÃO GERARDO FORTALEZA - CE CEP:60325582,Evangélicas,-3.7299087,-38.5516908,Jacarecanga,São Gerardo,1
804,816,427957-3,UNIAO NORTE BRASILEIRA DA IGREJA ADVENTISTA DO 7 DIA,R MIN ANTONIO COELHO 305  VILA VELHA FORTALEZA - CE CEP:60347230,Evangélicas,-3.7148376,-38.5911467,Vila Velha,Vila Velha,39
805,817,42707-1,UNIAO NORTE BRASILEIRA DA IGREJA ADVENTISTA DO 7 DIA,AV  DA UNIVERSIDADE 2083  BENFICA FORTALEZA - CE CEP:60020180,Evangélicas,-3.7362348,-38.5346708,Benfica,Benfica,7
806,818,82868-8,UNIAO NORTE BRASILEIRA DA IGREJA ADVENTISTA DO 7 DIA,R CAP NESTOR GOIS 60  VILA ELLERY FORTALEZA - CE CEP:60320380,Evangélicas,-3.7202764,-38.56226789999999,Bairro Ellery,Ellery,38
807,819,255082-2,UNIAO NORTE BRASILEIRA DA IGREJA ADVENTISTA DO 7 DIA,R  JAPI 391  SERRINHA FORTALEZA - CE CEP:60741420,Evangélicas,-3.7842541,-38.5467357,Serrinha,Serrinha,107
808,820,42708-0,UNIAO NORTE BRASILEIRA DA IGREJA ADVENTISTA DO 7 DIA,AV  DA UNIVERSIDADE 2083  BENFICA FORTALEZA - CE CEP:60020180,Evangélicas,-3.7362348,-38.5346708,Benfica,Benfica,7
809,821,613729-6,UNIAO NORTE BRASILEIRA DA IGREJA ADVENTISTA DO 7 DIA,R PRO VICENTE SILVEIRA 657  VILA UNIÃO FORTALEZA - CE CEP:60410672,Evangélicas,-3.766971,-38.538649,Vila União,Vila União,109
810,822,311789-8,UNIAO NORTE BRASILEIRA DA IGREJA ADVENTISTA DO 7 DIA,R  GUANABARA 621  PAN AMERICANO FORTALEZA - CE CEP:60440135,Evangélicas,-3.7565248,-38.5686279,Demócrito Rocha,Panamericano,104
811,823,209032-5,UNIAO NORTE BRASILEIRA DA IGREJA ADVENTISTA DO 7 DIA,AV SEN FERNANDES TAVORA 471  JÓQUEI CLUBE FORTALEZA - CE CEP:60510111,Evangélicas,-3.7650093,-38.5773876,Henrique Jorge,Jóquei Clube,101
812,824,27162-4,UNIAO NORTE BRASILEIRA DA IGREJA ADVENTISTA DO 7 DIA,R PRO VICENTE SILVEIRA 661  VILA UNIÃO FORTALEZA - CE CEP:60410672,Evangélicas,-3.767169999999999,-38.5387285,Vila União,Vila União,109
813,825,347059-8,UNIAO NORTE BRASILEIRA DA IGREJA ADVENTISTA DO 7 DIA,R  VII (CIDADE OESTE) 178  QUINTINO CUNHA FORTALEZA - CE CEP:60351770,Evangélicas,-3.728697899999999,-38.6023923,Quintino Cunha,Quintino Cunha,48
814,826,70719-8,UNIAO NORTE BRASILEIRA DE EDUCACAO E CULTURA,R  JAIME BENEVOLO 259  CENTRO FORTALEZA - CE CEP:60050080,Católica Apostólica Romana,-3.7347274,-38.5261742,Centro,Centro,10
815,827,70822-4,UNIAO NORTE BRASILEIRA DE EDUCACAO E CULTURA,AV DUQ DE CAXIAS 101  CENTRO FORTALEZA - CE CEP:60035111,Católica Apostólica Romana,-3.7336487,-38.5253888,Centro,Centro,10
