CNAE Classe,Ano da Inscrição,Número de Inscrição,CPF/CNPJ do Devedor Detalhado,Nome do Devedor Detalhado,Endereço CEP,Endereço Logradouro,Endereço Bairro,Município do Devedor,UF do Devedor,Tipo da Situação da Inscrição,Tipo Inscrição,Tipo Regularidade da Inscrição,Todas Origens - Valor Consolidado da Inscrição
Atividades de organizações religiosas,2021,426861485,03.568.054/0001-46,IGREJA BATISTA EL-BETEL DE FORTALEZA,60762130,RUA DR. JOSE DUTRA,MONDUBIM,FORTALEZA,CEARA,Em cobrança,Previdenciário,Situação Irregular,"1.060,31 "
Atividades de organizações religiosas,2021,175614490,10.483.076/0001-79,IGREJA EVANGELICA ATALAIA DO DEUS VIVO,60720000,AVENIDA GENERAL OSORIO DE PAIVA,PARANGABA,FORTALEZA,CEARA,Em cobrança,Previdenciário,Situação Irregular,"726,24 "
Atividades de organizações religiosas,2021,175614504,10.483.076/0001-79,IGREJA EVANGELICA ATALAIA DO DEUS VIVO,60720000,AVENIDA GENERAL OSORIO DE PAIVA,PARANGABA,FORTALEZA,CEARA,Em cobrança,Previdenciário,Situação Irregular,"3.931,93 "
Atividades de organizações religiosas,2021,175616868,11.963.958/0001-02,IGREJA CRISTA INTERNACIONAL NOVA VIDA,60440105,RUA RIO BRANCO,DEMOCRITO ROCHA,FORTALEZA,CEARA,Em cobrança,Previdenciário,Situação Irregular,"757,71 "
Atividades de organizações religiosas,2021,175616876,11.963.958/0001-02,IGREJA CRISTA INTERNACIONAL NOVA VIDA,60440105,RUA RIO BRANCO,DEMOCRITO ROCHA,FORTALEZA,CEARA,Em cobrança,Previdenciário,Situação Irregular,"2.538,37 "
Atividades de organizações religiosas,2021,176723714,15.673.385/0001-25,IGREJA EVANGELICA ASSEMBLEIA DE DEUS - GETSEMANE,60184160,RUA VITORIA  REGIA,VICENTE PIZON,FORTALEZA,CEARA,Em cobrança,Previdenciário,Situação Irregular,"993,93 "
Atividades de organizações religiosas,2021,176723722,15.673.385/0001-25,IGREJA EVANGELICA ASSEMBLEIA DE DEUS - GETSEMANE,60184160,RUA VITORIA  REGIA,VICENTE PIZON,FORTALEZA,CEARA,Em cobrança,Previdenciário,Situação Irregular,"1.807,14 "
Atividades de organizações religiosas,2021,142147389,07.119.106/0001-58,SEMINARIO TEOLOGICO DAS ASSEMBLEIAS DE DEUS DO CEARA,60015140,RUA TERESA CRISTINA,CENTRO,FORTALEZA,CEARA,Em cobrança,Previdenciário,Situação Irregular,"4.289,74 "
Atividades de organizações religiosas,2021,30 2 21 000208-09,05.869.631/0001-65,IGREJA EVANGELICA ASSEMBLEIA DE DEUS DE MONTESE,60421040,AVENIDA 15 DE NOVEMBRO,MONTESE,FORTALEZA,CEARA,Em cobrança,Não Previdenciário,Situação Irregular,"29.339,24 "
Atividades de organizações religiosas,2021,30 6 21 001244-50,00.204.897/0001-75,IGREJA EVANGELICA CONGREGACIONAL DO CONJUNTO CEARA,60534030,RUA DAS PEDRINHAS,PARQUE GENIBAU,FORTALEZA,CEARA,Em cobrança,Não Previdenciário,Situação Irregular,"1.141,91 "
Atividades de organizações religiosas,2021,30 6 21 001406-50,03.463.489/0001-26,IGREJA PRESBITERIANA BETEL,60330150,RUA RAIMUNDO GOMES,BARRA DO CEARA,FORTALEZA,CEARA,Em cobrança,Não Previdenciário,Situação Irregular,"1.366,20 "
Atividades de organizações religiosas,2021,30 6 21 001645-91,11.418.794/0001-24,IGREJA ASSEMBLEIA DE DEUS NOVO VIVER,60533613,AVENIDA C,CONJUNTO CEARA,FORTALEZA,CEARA,Em cobrança,Não Previdenciário,Situação Irregular,"1.441,04 "
Atividades de organizações religiosas,2021,30 6 21 001791-90,05.036.419/0001-17,IGREJA BATISTA ELION SHAMA,60520350,RUA DESEMBARGADOR FELIX CANDIDO,JOQUEI CLUBE,FORTALEZA,CEARA,Benefício Fiscal,Não Previdenciário,Situação Regular,"1.967,42 "
Atividades de organizações religiosas,2021,30 6 21 001848-60,21.791.840/0001-90,COMUNIDADE FAMILIA CRISTA HEBROM,60010730,RUA CARIRE,FARIAS BRITO,FORTALEZA,CEARA,Benefício Fiscal,Não Previdenciário,Situação Regular,"1.985,62 "
Atividades de organizações religiosas,2021,30 6 21 003217-94,21.824.808/0001-63,IGREJA EVANGELICA ASSEMBLEIA DE DEUS GERACAO DE ADORADORES,60841710,RUA CECILIA MEIRELES,MESSEJANA,FORTALEZA,CEARA,Em cobrança,Não Previdenciário,Situação Irregular,"1.141,91 "
Atividades de organizações religiosas,2021,30 6 21 003279-97,08.226.202/0001-68,IGREJA CRISTA EVANGELICA PENIEL,60866330,RUA 305,JANGURUSSU,FORTALEZA,CEARA,Em cobrança,Não Previdenciário,Situação Irregular,"1.142,96 "
Atividades de organizações religiosas,2021,30 7 21 000425-40,05.036.419/0001-17,IGREJA BATISTA ELION SHAMA,60520350,RUA DESEMBARGADOR FELIX CANDIDO,JOQUEI CLUBE,FORTALEZA,CEARA,Benefício Fiscal,Não Previdenciário,Situação Regular,"1.120,95 "
Atividades de organizações religiosas,2021,162187530,05.784.610/0001-47,COMUNIDADE CATOLICA MISSIONARIA UM NOVO CAMINHO,60135410,RUA DOM EXPEDITO LOPES,DIONISIO TORRES,FORTALEZA,CEARA,Em cobrança,Previdenciário,Situação Irregular,"3.297,94 "
Atividades de organizações religiosas,2021,162187548,05.784.610/0001-47,COMUNIDADE CATOLICA MISSIONARIA UM NOVO CAMINHO,60135410,RUA DOM EXPEDITO LOPES,DIONISIO TORRES,FORTALEZA,CEARA,Em cobrança,Previdenciário,Situação Irregular,"27.129,99 "
Atividades de organizações religiosas,2021,30 2 21 001095-40,18.936.717/0001-05,MINISTERIO INFLUENCIADORES DE REINOS,60060360,RUA JOSE AVELINO,PRAIA DE IRACEMA,FORTALEZA,CEARA,Em cobrança,Não Previdenciário,Situação Irregular,"3.388,69 "
Atividades de organizações religiosas,2021,30 2 21 001121-77,03.568.054/0001-46,IGREJA BATISTA EL-BETEL DE FORTALEZA,60762130,RUA DR. JOSE DUTRA,MONDUBIM,FORTALEZA,CEARA,Em cobrança,Não Previdenciário,Situação Irregular,"13.341,58 "
Atividades de organizações religiosas,2021,30 2 21 001404-64,04.782.450/0001-34,IGREJA EVANGELICA ASSEMBLEIA DE DEUS MINISTERIO DE MADUREIRA DE FORTALEZA,60335190,RUA CRUZEIRO DO SUL,CARLITO PAMPLONA,FORTALEZA,CEARA,Em cobrança,Não Previdenciário,Situação Irregular,"1.259,04 "
Atividades de organizações religiosas,2021,30 6 21 003604-20,03.568.054/0001-46,IGREJA BATISTA EL-BETEL DE FORTALEZA,60762130,RUA DR. JOSE DUTRA,MONDUBIM,FORTALEZA,CEARA,Em cobrança,Não Previdenciário,Situação Irregular,"6.897,93 "
Atividades de organizações religiosas,2021,30 6 21 004210-71,22.659.914/0001-00,IGREJA PENTECOSTAL MISSIONARIA TABERNACULO DO ESPIRITO,60312060,AVENIDA PRESIDENTE CASTELO BRANCO,CARLITO PAMPLONA,FORTALEZA,CEARA,Em cobrança,Não Previdenciário,Situação Irregular,"1.141,91 "
Atividades de organizações religiosas,2021,30 6 21 004508-45,24.094.756/0001-05,IGREJA ASSEMBLEIA DE DEUS NOVO AVIVAMENTO DE MISSOES,60540010,RUA DALLAS,GRANJA LISBOA,FORTALEZA,CEARA,Em cobrança,Não Previdenciário,Situação Irregular,"1.366,20 "
Atividades de organizações religiosas,2021,30 6 21 004768-01,19.649.245/0001-72,IGREJA CRISTA INTERNACIONAL,60025101,RUA MAJOR FACUNDO,JOSE BONIFACIO,FORTALEZA,CEARA,Em cobrança,Não Previdenciário,Situação Irregular,"1.141,91 "
Atividades de organizações religiosas,2021,30 6 21 005225-01,26.572.869/0001-02,IGREJA EVANGELICA JESUS E ESPERANCA,60540665,RUA JOAO XXIII,GRANJA PORTUGAL,FORTALEZA,CEARA,Em cobrança,Não Previdenciário,Situação Irregular,"1.157,31 "
Atividades de organizações religiosas,2021,30 6 21 005688-46,12.838.353/0001-44,CONVENCAO ECLESIASTICA DAS IGREJAS INDEPENDENTES DO BRASIL,60831506,RUA PEDESTRE J,LAGOA REDONDA,FORTALEZA,CEARA,Em cobrança,Não Previdenciário,Situação Irregular,"1.366,20 "
Atividades de organizações religiosas,2021,30 6 21 006002-43,15.712.638/0001-22,IGREJA BATISTA ALIANCA MISSIONARIA EM SAO CRISTOVAO,60866460,RUA 406,JANGURUSSU,FORTALEZA,CEARA,Em cobrança,Não Previdenciário,Situação Irregular,"1.141,91 "
Atividades de organizações religiosas,2021,30 6 21 006076-80,12.216.614/0001-94,ASSOCIACAO ASSUMPTA EST,60410355,RUA PADRE AMBROSIO MACHADO,PARREAO,FORTALEZA,CEARA,Em cobrança,Não Previdenciário,Situação Irregular,"1.173,39 "
Atividades de organizações religiosas,2021,30 6 21 006418-61,23.707.160/0001-70,IGREJA EVANGELICA DA PAZ,60765000,RUA JACOPEMBA,MONDUBIM,FORTALEZA,CEARA,Em cobrança,Não Previdenciário,Situação Irregular,"1.715,50 "
Atividades de organizações religiosas,2021,30 6 21 007209-07,07.294.093/0001-53,CONSELHO PAROQUIAL NOSSA SENHORA DE FATIMA,60415000,RUA MARIO MAMEDE,FATIMA,FORTALEZA,CEARA,Em cobrança,Não Previdenciário,Situação Irregular,"1.156,76 "
Atividades de organizações religiosas,2021,30 6 21 007454-89,14.975.364/0001-00,IGREJA COMUNIDADE DE ORACAO CRISTO PORTAS ABERTAS,60851120,RUA DJALMA PETIT,AEROLANDIA,FORTALEZA,CEARA,Em cobrança,Não Previdenciário,Situação Irregular,"1.141,91 "
Atividades de organizações religiosas,2021,30 6 21 007719-94,19.394.897/0001-03,IGREJA EVANGELICA ASSEMBLEIA DE DEUS MINISTERIO TEMPO DE SEMEAR,60310240,TRAVESSA TENENTE LISBOA,CARLITO PAMPLONA,FORTALEZA,CEARA,Em cobrança,Não Previdenciário,Situação Irregular,"1.141,91 "
Atividades de organizações religiosas,2021,30 6 21 008054-81,07.716.432/0001-42,MINISTERIO ADORACAO BRASIL,60810320,RUA JUSTINO CAFE NETO,GUARARAPES,FORTALEZA,CEARA,Em cobrança,Não Previdenciário,Situação Irregular,"1.370,29 "
Atividades de organizações religiosas,2021,30 6 21 008367-94,14.322.271/0001-78,IGREJA ASSEMBLEIA DE DEUS MINISTERIO RESTAURACAO,60455410,AVENIDA JOVITA FEITOSA,PARQUELANDIA,FORTALEZA,CEARA,Em cobrança,Não Previdenciário,Situação Irregular,"1.370,29 "
Atividades de organizações religiosas,2021,30 7 21 001468-33,07.294.093/0001-53,CONSELHO PAROQUIAL NOSSA SENHORA DE FATIMA,60415000,RUA MARIO MAMEDE,FATIMA,FORTALEZA,CEARA,Em cobrança,Não Previdenciário,Situação Irregular,"1.783,37 "
Atividades de organizações religiosas,2021,30 2 21 003976-60,09.401.669/0001-60,IGREJA BIBLICA JARDIM GETSEMANI,60346450,RUA CARLOS GONDIM,JARDIM GUANABARA,FORTALEZA,CEARA,Em cobrança,Não Previdenciário,Situação Irregular,"1.241,72 "
Atividades de organizações religiosas,2021,30 2 21 004229-58,04.417.000/0001-42,IGREJA ASSEMBLEIA DE DEUS DO SERVILUZ,60180000,AVENIDA ZEZE  DIOGO,SERVILUZ,FORTALEZA,CEARA,Em cobrança,Não Previdenciário,Situação Irregular,"1.191,94 "
Atividades de organizações religiosas,2021,30 6 21 008688-07,08.073.586/0001-26,COMUNIDADE EVANGELICA CRISTO E O CAMINHO CERTO,60762425,RUA FRANCISCA SAMPAIO LIMA,ALTO ALEGRE,FORTALEZA,CEARA,Em cobrança,Não Previdenciário,Situação Irregular,"1.157,31 "
Atividades de organizações religiosas,2021,30 6 21 008888-32,13.494.167/0001-06,I IGREJA BATISTA SHALOM JERUSALEM,60763644,RUA JARDIM FLUMINENSE,CONJUNTO ESPERANCA,FORTALEZA,CEARA,Em cobrança,Não Previdenciário,Situação Irregular,"1.205,24 "
Atividades de organizações religiosas,2021,30 6 21 009347-02,19.232.808/0001-22,ASSEMBLEIA DO POVO DE DEUS MILAGRES E MARAVILHAS,60330470,RUA JACI,BARRA DO CEARA,FORTALEZA,CEARA,Em cobrança,Não Previdenciário,Situação Irregular,"2.512,20 "
Atividades de organizações religiosas,2021,30 6 21 009959-14,18.595.527/0001-71,IGREJA COMUNIDADE CRISTA NA SALA DO PAI,60711442,AVENIDA BENJAMIM BRASIL,MONDUBIM,FORTALEZA,CEARA,Em cobrança,Não Previdenciário,Situação Irregular,"1.370,29 "
Atividades de organizações religiosas,2021,30 6 21 010928-70,12.334.018/0001-09,IGREJA CRISTA FAMILIA E LOUVOR,60710480,RUA NEREU RAMOS,PARANGABA,FORTALEZA,CEARA,Benefício Fiscal,Não Previdenciário,Situação Regular,"2.850,65 "
Atividades de organizações religiosas,2021,30 6 21 011008-05,07.995.133/0001-94,IGREJA EVANGELICA MISSIONARIA DA FE,60336010,RUA TEODOMIRO DE CASTRO,ALVARO WEYNE,FORTALEZA,CEARA,Em cobrança,Não Previdenciário,Situação Irregular,"1.180,19 "
Atividades de organizações religiosas,2021,30 6 21 011391-83,22.832.788/0001-35,MINISTERIO IGREJA PENTECOSTAL LIRIOS DO CAMPO - MIPLC,60120085,RUA FISCAL VIEIRA,SAO JOAO DO TAUAPE,FORTALEZA,CEARA,Em cobrança,Não Previdenciário,Situação Irregular,"715,97 "
Atividades de organizações religiosas,2021,30 6 21 011607-00,10.365.164/0001-76,CPIM - CENTRO DE REABILITACAO ESPERANCA E PREGADORES ITINERANTES MUNDIAL,60030100,RUA SAO PAULO,CENTRO,FORTALEZA,CEARA,Em cobrança,Não Previdenciário,Situação Irregular,"2.842,12 "
Atividades de organizações religiosas,2021,30 6 21 011976-20,63.476.212/0001-60,AUGUSTA E RESP LOJA SIMBOLICA VIANA DE CARVALHO 1153,60766125,RUA AMERICA,PLANALTO AYRTON SENNA,FORTALEZA,CEARA,Em cobrança,Não Previdenciário,Situação Irregular,"1.136,85 "
Atividades de organizações religiosas,2021,30 6 21 013028-66,31.343.473/0001-15,TABERNACULO DE ISRAEL CATEDRAL DE AVIVAMENTO E MILAGRES,60860390,RUA CHICO MOTA,DIAS MACEDO,FORTALEZA,CEARA,Em cobrança,Não Previdenciário,Situação Irregular,"1.705,27 "
Atividades de organizações religiosas,2021,30 7 21 002114-06,00.900.289/0001-03,IGREJA BATISTA ESPERANCA,60763560,RUA 107,CONJ ESPERANCA,FORTALEZA,CEARA,Em cobrança,Não Previdenciário,Situação Irregular,"1.127,59 "
Atividades de organizações religiosas,2021,175716676,08.181.827/0001-50,IGREJA NOVA CRIACAO,60175657,AVENIDA ENGENHEIRO SANTANA JUNIOR,PAPICU,FORTALEZA,CEARA,Benefício Fiscal,Previdenciário,Situação Regular,"999,60 "
Atividades de organizações religiosas,2021,175716684,08.181.827/0001-50,IGREJA NOVA CRIACAO,60175657,AVENIDA ENGENHEIRO SANTANA JUNIOR,PAPICU,FORTALEZA,CEARA,Benefício Fiscal,Previdenciário,Situação Regular,"9.713,11 "
Atividades de organizações religiosas,2021,30 6 21 013966-66,00.379.432/0001-55,IGREJA EVANGELICA NOVA ALIANCA EM CRISTO,60341270,RUA RIO PARAGUAI,JARDIM IRACEMA,FORTALEZA,CEARA,Em cobrança,Não Previdenciário,Situação Irregular,"1.135,42 "
Atividades de organizações religiosas,2021,30 6 21 014118-00,08.156.553/0001-40,IGREJA BATISTA HEBRON,60764180,RUA MARIO FILHO,VILA MANOEL SATIRO,FORTALEZA,CEARA,Em cobrança,Não Previdenciário,Situação Irregular,"1.133,22 "
Atividades de organizações religiosas,2021,30 6 21 014435-08,06.996.970/0001-75,IGREJA ASSEMBLEIA DE DEUS CRISTO E A ALIANCA,60525620,RUA BUENO,JOAO XXIII,FORTALEZA,CEARA,Benefício Fiscal,Não Previdenciário,Situação Regular,"2.838,55 "
Atividades de organizações religiosas,2021,30 6 21 014549-68,02.057.781/0001-86,NUCLEO ESPIRITA BEZERRA DE MENEZES,60766260,AVENIDA CHICO MENDES,PANTANAL,FORTALEZA,CEARA,Em cobrança,Não Previdenciário,Situação Irregular,"1.133,22 "
Atividades de organizações religiosas,2021,30 6 21 014591-70,13.861.960/0001-98,IGREJA BATISTA DE VILA UNIAO,60420040,RUA HELVERCIO MONTE,VILA UNIAO,FORTALEZA,CEARA,Em cobrança,Não Previdenciário,Situação Irregular,"2.833,05 "
Atividades de organizações religiosas,2021,30 6 21 015083-08,17.539.690/0001-54,IGREJA MISSAO EVANGELICA EMBAIXADORES DE CRISTO,60866190,AVENIDA CONTORNO NORTE,JANGURUSSU,FORTALEZA,CEARA,Em cobrança,Não Previdenciário,Situação Irregular,"1.362,50 "
Atividades de organizações religiosas,2021,30 6 21 015249-23,16.832.868/0001-98,IGREJA EVANGELICA NEOPENTECOSTAL SEMENTE DA PROSPERIDADE EM DEUS,60872401,RUA A,COACU,FORTALEZA,CEARA,Em cobrança,Não Previdenciário,Situação Irregular,"1.127,94 "
Atividades de organizações religiosas,2021,30 6 21 015451-73,26.777.721/0001-04,IGREJA MINISTERIO ESTABELECENDO O REINO,60346352,RUA CREUZA ROCHA,JARDIM GUANABARA,FORTALEZA,CEARA,Em cobrança,Não Previdenciário,Situação Irregular,"1.926,47 "
Atividades de organizações religiosas,2021,30 6 21 015519-04,18.009.216/0001-83,IGREJA ASSEMBLEIA DE DEUS O SENHOR E PAZ,60732553,RUA MARIA LUIZA,SIQUEIRA II,FORTALEZA,CEARA,Em cobrança,Não Previdenciário,Situação Irregular,"1.139,46 "
Atividades de organizações religiosas,2021,30 6 21 015529-78,32.176.146/0001-89,ASSEMBLEIA DE DEUS TOWDAH,60311030,RUA SAO RAIMUNDO,PIRAMBU,FORTALEZA,CEARA,Em cobrança,Não Previdenciário,Situação Irregular,"1.696,36 "
Atividades de organizações religiosas,2021,180769359,02.664.372/0001-48,GRUPO ESPIRITA RENASCER,60821795,RUA ANTENOR ROCHA ALEXANDRE,PARQUE MANIBURA,FORTALEZA,CEARA,Em cobrança,Previdenciário,Situação Irregular,"5.811,65 "
Atividades de organizações religiosas,2021,180769367,02.664.372/0001-48,GRUPO ESPIRITA RENASCER,60821795,RUA ANTENOR ROCHA ALEXANDRE,PARQUE MANIBURA,FORTALEZA,CEARA,Em cobrança,Previdenciário,Situação Irregular,"17.461,85 "
Atividades de organizações religiosas,2021,181121832,03.568.054/0001-46,IGREJA BATISTA EL-BETEL DE FORTALEZA,60762130,RUA DR. JOSE DUTRA,MONDUBIM,FORTALEZA,CEARA,Em cobrança,Previdenciário,Situação Irregular,"4.290,08 "
Atividades de organizações religiosas,2021,181121840,03.568.054/0001-46,IGREJA BATISTA EL-BETEL DE FORTALEZA,60762130,RUA DR. JOSE DUTRA,MONDUBIM,FORTALEZA,CEARA,Em cobrança,Previdenciário,Situação Irregular,"13.106,27 "
Atividades de organizações religiosas,2021,181179148,07.210.925/0001-06,MITRA ARQUIDIOCESANA DE FORTALEZA,60060090,AVENIDA DOM MANUEL,CENTRO,FORTALEZA,CEARA,Em cobrança,Previdenciário,Situação Irregular,"19.043,50 "
Atividades de organizações religiosas,2021,181179156,07.210.925/0001-06,MITRA ARQUIDIOCESANA DE FORTALEZA,60060090,AVENIDA DOM MANUEL,CENTRO,FORTALEZA,CEARA,Em cobrança,Previdenciário,Situação Irregular,"4.308,15 "
Atividades de organizações religiosas,2021,30 6 21 015926-86,04.325.525/0001-58,IGREJA CONGREGACIONAL PENTECOSTAL FORTALEZA,60511017,RUA JOAQUIM MANOEL MACEDO,JOAO ARRUDA,FORTALEZA,CEARA,Em cobrança,Não Previdenciário,Situação Irregular,"992,61 "
Atividades de organizações religiosas,2021,30 6 21 016902-62,15.163.945/0001-00,MINISTERIO ASSEMBLEIA DE DEUS A VERDADE QUE LIBERTA,60441145,RUA RIO GRANDE DO SUL,BELA VISTA,FORTALEZA,CEARA,Em cobrança,Não Previdenciário,Situação Irregular,"2.273,70 "
Atividades de organizações religiosas,2021,179505637,08.181.827/0001-50,IGREJA NOVA CRIACAO,60175657,AVENIDA ENGENHEIRO SANTANA JUNIOR,PAPICU,FORTALEZA,CEARA,Em cobrança,Previdenciário,Situação Irregular,"6.817,73 "
Atividades de organizações religiosas,2021,179505645,08.181.827/0001-50,IGREJA NOVA CRIACAO,60175657,AVENIDA ENGENHEIRO SANTANA JUNIOR,PAPICU,FORTALEZA,CEARA,Em cobrança,Previdenciário,Situação Irregular,"22.376,81 "
Atividades de organizações religiosas,2021,181792257,08.953.386/0001-68,IGREJA APOSTOLICA NOVIDADE DE VIDA DE FORTALEZA,60821800,RUA LIDIA BRIGIDO,AGUA FRIA,FORTALEZA,CEARA,Em cobrança,Previdenciário,Situação Irregular,"5.280,04 "
Atividades de organizações religiosas,2021,181792265,08.953.386/0001-68,IGREJA APOSTOLICA NOVIDADE DE VIDA DE FORTALEZA,60821800,RUA LIDIA BRIGIDO,AGUA FRIA,FORTALEZA,CEARA,Em cobrança,Previdenciário,Situação Irregular,"18.191,82 "
Atividades de organizações religiosas,2021,181794080,09.056.991/0001-07,IGREJA CRISTA GILEADE DA GRANJA PORTUGAL,60541192,RUA TEODORO DE CASTRO,GRANJA PORTUGAL,FORTALEZA,CEARA,Em cobrança,Previdenciário,Situação Irregular,"3.432,87 "
Atividades de organizações religiosas,2021,181794098,09.056.991/0001-07,IGREJA CRISTA GILEADE DA GRANJA PORTUGAL,60541192,RUA TEODORO DE CASTRO,GRANJA PORTUGAL,FORTALEZA,CEARA,Em cobrança,Previdenciário,Situação Irregular,"11.660,79 "
Atividades de organizações religiosas,2021,181796465,09.255.212/0001-94,IGREJA COMUNIDADE CRISTA LOGOS,60731534,AVENIDA OSORIO DE PAIVA,BONSUCESSO,FORTALEZA,CEARA,Em cobrança,Previdenciário,Situação Irregular,"40.042,50 "
Atividades de organizações religiosas,2021,181796473,09.255.212/0001-94,IGREJA COMUNIDADE CRISTA LOGOS,60731534,AVENIDA OSORIO DE PAIVA,BONSUCESSO,FORTALEZA,CEARA,Em cobrança,Previdenciário,Situação Irregular,"186.901,96 "
Atividades de organizações religiosas,2021,182530434,05.036.419/0001-17,IGREJA BATISTA ELION SHAMA,60520350,RUA DESEMBARGADOR FELIX CANDIDO,JOQUEI CLUBE,FORTALEZA,CEARA,Em cobrança,Previdenciário,Situação Irregular,"9.149,35 "
Atividades de organizações religiosas,2021,182530442,05.036.419/0001-17,IGREJA BATISTA ELION SHAMA,60520350,RUA DESEMBARGADOR FELIX CANDIDO,JOQUEI CLUBE,FORTALEZA,CEARA,Em cobrança,Previdenciário,Situação Irregular,"20.914,99 "
Atividades de organizações religiosas,2021,182540600,08.222.684/0001-88,MINISTERIO INTERNACIONAL EFRAIM - MIEF,60533690,AVENIDA MINISTRO ALBUQUERQUE LIMA,CONJUNTO CEARA,FORTALEZA,CEARA,Benefício Fiscal,Previdenciário,Situação Regular,"3.812,45 "
Atividades de organizações religiosas,2021,182540618,08.222.684/0001-88,MINISTERIO INTERNACIONAL EFRAIM - MIEF,60533690,AVENIDA MINISTRO ALBUQUERQUE LIMA,CONJUNTO CEARA,FORTALEZA,CEARA,Benefício Fiscal,Previdenciário,Situação Regular,"13.210,16 "
Atividades de organizações religiosas,2021,30 6 21 018803-98,11.191.890/0001-82,IGREJA MISSAO EVANGELICA VIDA E LUZ,60411136,AVENIDA DOS EXPEDICIONARIOS,AEROPORTO,FORTALEZA,CEARA,Em cobrança,Não Previdenciário,Situação Irregular,"1.357,09 "
Atividades de organizações religiosas,2020,30 7 20 000191-04,07.294.093/0001-53,CONSELHO PAROQUIAL NOSSA SENHORA DE FATIMA,60415000,RUA MARIO MAMEDE,FATIMA,FORTALEZA,CEARA,Em cobrança,Não Previdenciário,Situação Irregular,"3.372,21 "
Atividades de organizações religiosas,2020,30 2 20 000977-53,04.417.000/0001-42,IGREJA ASSEMBLEIA DE DEUS DO SERVILUZ,60180000,AVENIDA ZEZE  DIOGO,SERVILUZ,FORTALEZA,CEARA,Em cobrança,Não Previdenciário,Situação Irregular,"1.715,45 "
Atividades de organizações religiosas,2020,30 2 20 001252-00,03.568.054/0001-46,IGREJA BATISTA EL-BETEL DE FORTALEZA,60762130,RUA DR. JOSE DUTRA,MONDUBIM,FORTALEZA,CEARA,Benefício Fiscal,Não Previdenciário,Situação Regular,"7.711,59 "
Atividades de organizações religiosas,2020,30 6 20 001631-60,03.294.101/0001-00,IGREJA PENTECOSTAL MISSIONARIA FONTE DE AGUA VIVA,60325490,RUA JOSE CANDIDO,MONTE CASTELO,FORTALEZA,CEARA,Em cobrança,Não Previdenciário,Situação Irregular,"1.418,34 "
Atividades de organizações religiosas,2020,30 6 20 001741-02,00.357.571/0001-88,ASSOCIACAO JESUS E MARIA,60840010,RUA MANOEL CASTELO BRANCO,MESSEJANA,FORTALEZA,CEARA,Em cobrança,Não Previdenciário,Situação Irregular,"1.788,76 "
Atividades de organizações religiosas,2020,30 6 20 002257-00,04.428.676/0001-31,IGREJA ASSEMBLEIA DE DEUS MINISTERIO FILADELFIA,60335140,RUA RUA ENGENHEIRO JOAO NOGUEIRA,CARLITO PAMPLONA,FORTALEZA,CEARA,Em cobrança,Não Previdenciário,Situação Irregular,"1.155,82 "
Atividades de organizações religiosas,2020,30 6 20 002474-28,11.421.974/0001-65,IGREJA CRISTA EVANGELICA CARLITO PAMPLONA,60335140,RUA ENGENHEIRO JOAO NOGUEIRA,CARLITO PAMPLONA,FORTALEZA,CEARA,Em cobrança,Não Previdenciário,Situação Irregular,"2.397,56 "
Atividades de organizações religiosas,2020,30 6 20 002492-00,22.116.201/0001-91,IGREJA EVANGELICA O SANGUE DE JESUS TEM PODER,60440380,RUA TIMBAUBA,PICI,FORTALEZA,CEARA,Em cobrança,Não Previdenciário,Situação Irregular,"1.543,11 "
Atividades de organizações religiosas,2020,30 6 20 002675-34,03.507.708/0001-21,IGREJA BATISTA CENTRO SUL,60740540,RUA PE. CARLOS QUIXADA,PARANGABA,FORTALEZA,CEARA,Em cobrança,Não Previdenciário,Situação Irregular,"1.198,78 "
Atividades de organizações religiosas,2020,30 6 20 002908-62,03.534.691/0001-00,COMUNIDADE DE DEUS,60175175,RUA PAULO MORAIS,PAPICU,FORTALEZA,CEARA,Em cobrança,Não Previdenciário,Situação Irregular,"2.407,90 "
Atividades de organizações religiosas,2020,30 6 20 002919-15,12.361.390/0001-04,SOCIEDADE BENEFICENTE EDUCACIONAL DE PARANGABA,60720110,RUA EDUARDO PERDIGAO,PARANGABA,FORTALEZA,CEARA,Benefício Fiscal,Não Previdenciário,Situação Regular,"3.009,87 "
Atividades de organizações religiosas,2020,30 6 20 003076-92,06.343.687/0001-44,IGREJA BATISTA MINISTERIO INTERNACIONAL RESGATE DE VIDA,60130440,RUA CRUZ ABREU,SAO JOAO  DO TAUAPE,FORTALEZA,CEARA,Em cobrança,Não Previdenciário,Situação Irregular,"1.203,95 "
Atividades de organizações religiosas,2020,30 6 20 003519-18,08.336.382/0001-30,MISSAO APOSTOLICA APASCENTAR E RESTAURAR,60175580,RUA ALTO ALEGRE,MUCURIPE,FORTALEZA,CEARA,Benefício Fiscal,Não Previdenciário,Situação Regular,"7.623,48 "
Atividades de organizações religiosas,2020,30 6 20 003580-92,03.568.054/0001-46,IGREJA BATISTA EL-BETEL DE FORTALEZA,60762130,RUA DR. JOSE DUTRA,MONDUBIM,FORTALEZA,CEARA,Benefício Fiscal,Não Previdenciário,Situação Regular,"2.471,81 "
Atividades de organizações religiosas,2020,30 7 20 000501-09,11.418.794/0001-24,IGREJA ASSEMBLEIA DE DEUS NOVO VIVER,60533613,AVENIDA C,CONJUNTO CEARA,FORTALEZA,CEARA,Em cobrança,Não Previdenciário,Situação Irregular,"1.210,58 "
Atividades de organizações religiosas,2020,165370734,07.903.478/0001-70,IGREJA BATISTA CANDEIAS,60811160,RUA JOSE BARRETO PARENTE,ENGENHEIRO LUCIANO CAVALCANTE,FORTALEZA,CEARA,Benefício Fiscal,Previdenciário,Situação Regular,"822,61 "
Atividades de organizações religiosas,2020,165370742,07.903.478/0001-70,IGREJA BATISTA CANDEIAS,60811160,RUA JOSE BARRETO PARENTE,ENGENHEIRO LUCIANO CAVALCANTE,FORTALEZA,CEARA,Benefício Fiscal,Previdenciário,Situação Regular,"3.292,91 "
Atividades de organizações religiosas,2020,30 6 20 004673-80,06.939.987/0001-90,IGREJA PRESBITERIANA DE FORTALEZA,60055170,AVENIDA VISCONDE DO RIO BRANCO,CENTRO,FORTALEZA,CEARA,Em cobrança,Não Previdenciário,Situação Irregular,"1.279,74 "
Atividades de organizações religiosas,2020,30 6 20 004768-85,21.186.965/0001-90,IGREJA EVANGELICA CASA DO PAI,60326339,RUA PADRE ANCHIETA,JACARECANGA,FORTALEZA,CEARA,Em cobrança,Não Previdenciário,Situação Irregular,"2.535,29 "
Atividades de organizações religiosas,2020,30 6 20 004954-05,09.518.472/0001-05,IGREJA EVANGELICA ASSEMBLEIA DE DEUS MINISTERIO PASSARE,60861360,RUA HERLITO FREIRE,PASSARE,FORTALEZA,CEARA,Em cobrança,Não Previdenciário,Situação Irregular,"1.674,92 "
Atividades de organizações religiosas,2020,30 6 20 005604-01,08.890.554/0001-13,CENTRO ESPIRITA CEARENSE,60015060,RUA PRINCESA ISABEL,CENTRO,FORTALEZA,CEARA,Em cobrança,Não Previdenciário,Situação Irregular,"1.418,34 "
Atividades de organizações religiosas,2020,30 6 20 005609-16,20.631.513/0001-08,COMUNIDADE CATOLICA KADOSH,60750110,AVENIDA L (CONJ. PREF. JOSE WALTER),PREFEITO JOSE WALTER,FORTALEZA,CEARA,Em cobrança,Não Previdenciário,Situação Irregular,"1.438,53 "
Atividades de organizações religiosas,2020,30 6 20 005640-75,05.036.419/0001-17,IGREJA BATISTA ELION SHAMA,60520350,RUA DESEMBARGADOR FELIX CANDIDO,JOQUEI CLUBE,FORTALEZA,CEARA,Benefício Fiscal,Não Previdenciário,Situação Regular,"3.086,22 "
Atividades de organizações religiosas,2020,30 6 20 006601-12,07.029.490/0001-06,IGREJA ASSEMBLEIA DE DEUS A VITORIA E NOSSA,60310000,AVENIDA FRANCISCO SA,JACARECANGA,FORTALEZA,CEARA,Em cobrança,Não Previdenciário,Situação Irregular,"2.374,02 "
Atividades de organizações religiosas,2020,30 6 20 006708-51,21.605.750/0001-67,IGREJA DE DEUS PROFETIZANDO AS NACOES,60843290,RUA PEDRO LOPES,GUAJIRU,FORTALEZA,CEARA,Em cobrança,Não Previdenciário,Situação Irregular,"1.418,34 "
Atividades de organizações religiosas,2020,30 6 20 006978-90,11.989.520/0001-95,IGREJA DE CRISTO MIN. APOSTOLICO NOVA TERRA,60110301,RUA JOAO CORDEIRO,ALDEOTA,FORTALEZA,CEARA,Em cobrança,Não Previdenciário,Situação Irregular,"3.196,32 "
Atividades de organizações religiosas,2020,30 6 20 007173-27,15.484.616/0001-52,IGREJA BATISTA O VERBO DE DEUS VIVENDO A PALAVRA,60736140,RUA JOSE MAURICIO,SIQUEIRA,FORTALEZA,CEARA,Em cobrança,Não Previdenciário,Situação Irregular,"1.638,23 "
Atividades de organizações religiosas,2020,30 6 20 007671-89,10.402.467/0001-11,CONVENCAO DE IGREJAS E MINISTROS DAS ASSEMBLEIAS DE DEUS MINISTERIO PASSARE NO ESTADO DO CEARA - CIMADEP,60861360,RUA HERLITO FREIRE,PASSARE,FORTALEZA,CEARA,Em cobrança,Não Previdenciário,Situação Irregular,"1.418,34 "
Atividades de organizações religiosas,2020,30 6 20 007939-37,22.810.597/0001-72,IGREJA CRISTA DESPERTAR,60055295,RUA LAURO MAIA,FATIMA,FORTALEZA,CEARA,Em cobrança,Não Previdenciário,Situação Irregular,"2.287,50 "
Atividades de organizações religiosas,2020,30 6 20 008255-61,17.908.649/0001-08,COMUNIDADE SERVOS POR AMOR,60864455,RUA WANDA SIDOU,CAJAZEIRAS,FORTALEZA,CEARA,Em cobrança,Não Previdenciário,Situação Irregular,"4.578,57 "
Atividades de organizações religiosas,2020,30 6 20 008331-57,23.454.575/0001-80,IGREJA ASSEMBLEIA DE DEUS KHARIS,60866590,AVENIDA DE CONTORNO SUL CJ SAO CRISTOVAO,JANGURUSSU,FORTALEZA,CEARA,Em cobrança,Não Previdenciário,Situação Irregular,"2.941,67 "
Atividades de organizações religiosas,2020,30 6 20 008413-38,23.481.729/0001-22,IGREJA EVANGELICA DE CRISTO MINISTERIO ATOS VALORIZANDO VIDAS,60870110,RUA BABACU,CONJUNTO PALMEIRAS,FORTALEZA,CEARA,Em cobrança,Não Previdenciário,Situação Irregular,"1.200,56 "
Atividades de organizações religiosas,2020,30 6 20 008507-52,07.606.833/0001-40,ASSOCIACAO LAR ESPIRITA MEIMEI,60175250,RUA HILTON SANTOS,VARJOTA,FORTALEZA,CEARA,Em cobrança,Não Previdenciário,Situação Irregular,"1.765,00 "
Atividades de organizações religiosas,2020,30 6 20 008642-06,35.004.399/0001-63,MISSAO DOS WESLEYANOS DO BRASIL NO CEARA,60811760,RUA HIL MORAES,EDSON QUEIROZ,FORTALEZA,CEARA,Em cobrança,Não Previdenciário,Situação Irregular,"1.412,00 "
Atividades de organizações religiosas,2020,30 6 20 008939-90,12.612.513/0001-32,IGREJA PENTECOSTAL COLUNA DE FOGO O AMOR DE DEUS,60870590,RUA C,PARQUE SANTA FILOMENA,FORTALEZA,CEARA,Em cobrança,Não Previdenciário,Situação Irregular,"1.181,95 "
Atividades de organizações religiosas,2020,30 6 20 008981-00,05.591.538/0001-31,IGREJA PENTECOSTAL DO UNICO DEUS - IPUD,60711540,RUA ANTONIO  DIVINO,MARAPONGA,FORTALEZA,CEARA,Em cobrança,Não Previdenciário,Situação Irregular,"6.500,72 "
Atividades de organizações religiosas,2020,30 6 20 009205-56,04.830.838/0001-63,IGREJA EVANGELICA ASSEMBLEIA DE DEUS DO PARQUE GENIBAU,60534010,RUA MOCAMBIQUE,PARQUE GENIBAU,FORTALEZA,CEARA,Em cobrança,Não Previdenciário,Situação Irregular,"1.433,52 "
Atividades de organizações religiosas,2020,30 6 20 009532-17,28.779.689/0001-13,IGREJA PENTECOSTAL FOGO PURO,60335580,RUA RIACHUELO,ALVARO WEYNE,FORTALEZA,CEARA,Em cobrança,Não Previdenciário,Situação Irregular,"1.669,51 "
Atividades de organizações religiosas,2020,30 6 20 009881-93,10.850.973/0001-73,COMUNIDADE MISSIONARIA BATISTA ATOS II,60545070,RUA VALVERDE,BOM JARDIM,FORTALEZA,CEARA,Em cobrança,Não Previdenciário,Situação Irregular,"2.353,34 "
Atividades de organizações religiosas,2020,30 6 20 010099-62,19.611.405/0001-94,IGREJA BATISTA LUZ PARA NACOES,60325003,AVENIDA BEZERRA DE MENEZES,PARQUELANDIA,FORTALEZA,CEARA,Em cobrança,Não Previdenciário,Situação Irregular,"2.804,20 "
Atividades de organizações religiosas,2020,30 7 20 001222-07,35.076.272/0001-50,IGREJA BATISTA EM EDSON QUEIROZ- IBEQ,60811695,RUA DOUTOR CARLOS RIBEIRO PAMPLONA,EDSON QUEIROZ,FORTALEZA,CEARA,Em cobrança,Não Previdenciário,Situação Irregular,"732,30 "
Atividades de organizações religiosas,2020,30 2 20 003832-50,05.952.120/0001-02,ASSOCIACAO DAS MISSIONARIAS CAMILIANAS MARIA MAE DA VIDA,60010000,AVENIDA PRESIDENTE CASTELO BRANCO,MOURA BRASIL,FORTALEZA,CEARA,Em cobrança,Não Previdenciário,Situação Irregular,"1.134,08 "
Atividades de organizações religiosas,2020,30 2 20 004004-48,08.336.382/0001-30,MISSAO APOSTOLICA APASCENTAR E RESTAURAR,60175580,RUA ALTO ALEGRE,MUCURIPE,FORTALEZA,CEARA,Benefício Fiscal,Não Previdenciário,Situação Regular,"18.232,23 "
Atividades de organizações religiosas,2020,30 6 20 010385-55,28.178.448/0001-19,COMUNIDADE CRISTA ADORAR,60356001,AVENIDA MISTER HULL,PRESIDENTE KENNEDY,FORTALEZA,CEARA,Em cobrança,Não Previdenciário,Situação Irregular,"1.758,73 "
Atividades de organizações religiosas,2020,30 6 20 010638-27,63.500.268/0001-02,IGREJA CRISTA EVANGELICA MONTE SINAI,60874040,TRAVESSA SANTA CASSIANA,PARQUE SANTA MARIA,FORTALEZA,CEARA,Em cobrança,Não Previdenciário,Situação Irregular,"4.770,04 "
Atividades de organizações religiosas,2020,30 6 20 011435-02,12.314.496/0001-57,MINISTERIO MUNDIAL DO REINO DE DEUS,60750022,AVENIDA PRES COSTA E SILVA,JANGURUSSU,FORTALEZA,CEARA,Em cobrança,Não Previdenciário,Situação Irregular,"1.674,86 "
Atividades de organizações religiosas,2020,30 6 20 011651-58,14.254.966/0001-60,IGREJA PENTECOSTAL DOS ESCOLHIDOS DE DEUS - CEARA,60535115,RUA TRAVESSA VIRNA,GENIBAU,FORTALEZA,CEARA,Em cobrança,Não Previdenciário,Situação Irregular,"2.336,84 "
Atividades de organizações religiosas,2020,30 6 20 012273-66,28.112.932/0001-45,COMUNIDADE  EVANGELICA MAIS AMOR,60426105,RUA MATOS VASCONCELOS,DAMAS,FORTALEZA,CEARA,Em cobrança,Não Previdenciário,Situação Irregular,"1.752,63 "
Atividades de organizações religiosas,2020,30 2 20 004597-60,09.529.546/0001-09,CONGREGACAO EVANGELICA LUTERANA ESPERANCA,60020150,RUA CARLOS CAMARA,JARDIM AMERICA,FORTALEZA,CEARA,Em cobrança,Não Previdenciário,Situação Irregular,"2.834,19 "
Atividades de organizações religiosas,2020,30 2 20 004890-82,08.181.827/0001-50,IGREJA NOVA CRIACAO,60175657,AVENIDA ENGENHEIRO SANTANA JUNIOR,PAPICU,FORTALEZA,CEARA,Benefício Fiscal,Não Previdenciário,Situação Regular,"30.542,01 "
Atividades de organizações religiosas,2020,30 6 20 012644-82,08.387.925/0001-49,IGREJA ASSEMBLEIA DE DEUS EL SHADAI,60330351,RUA A,JARDIM IRACEMA,FORTALEZA,CEARA,Em cobrança,Não Previdenciário,Situação Irregular,"4.475,57 "
Atividades de organizações religiosas,2020,30 6 20 013767-95,21.649.396/0001-72,IGREJA EVANGELICA ASSEMBLEIA DE DEUS PLENITUDE,60360220,RUA PEDRO MELO,ANTONIO BEZERRA,FORTALEZA,CEARA,Em cobrança,Não Previdenciário,Situação Irregular,"2.328,48 "
Atividades de organizações religiosas,2020,30 6 20 014770-44,20.485.358/0001-69,IGREJA DA FE RENOVADA EM CRISTO,60015050,AVENIDA IMPERADOR,CENTRO,FORTALEZA,CEARA,Em cobrança,Não Previdenciário,Situação Irregular,"2.910,60 "
Atividades de organizações religiosas,2020,30 6 20 015110-80,19.875.701/0001-00,COMUNIDADE CRISTA COMANDO DE CRISTO EM ACAO,60543454,RUA EDSON MARTINS,BOM JARDIM,FORTALEZA,CEARA,Em cobrança,Não Previdenciário,Situação Irregular,"1.168,42 "
Atividades de organizações religiosas,2020,30 2 20 006249-82,07.903.478/0001-70,IGREJA BATISTA CANDEIAS,60811160,RUA JOSE BARRETO PARENTE,ENGENHEIRO LUCIANO CAVALCANTE,FORTALEZA,CEARA,Benefício Fiscal,Não Previdenciário,Situação Regular,"1.681,99 "
Atividades de organizações religiosas,2020,171444183,06.939.987/0001-90,IGREJA PRESBITERIANA DE FORTALEZA,60055170,AVENIDA VISCONDE DO RIO BRANCO,CENTRO,FORTALEZA,CEARA,Benefício Fiscal,Previdenciário,Situação Regular,"6.457,30 "
Atividades de organizações religiosas,2020,171444191,06.939.987/0001-90,IGREJA PRESBITERIANA DE FORTALEZA,60055170,AVENIDA VISCONDE DO RIO BRANCO,CENTRO,FORTALEZA,CEARA,Benefício Fiscal,Previdenciário,Situação Regular,"40.453,92 "
Atividades de organizações religiosas,2020,172285909,00.900.289/0001-03,IGREJA BATISTA ESPERANCA,60763560,RUA 107,CONJ ESPERANCA,FORTALEZA,CEARA,Em cobrança,Previdenciário,Situação Irregular,"2.585,33 "
Atividades de organizações religiosas,2020,172487269,08.181.827/0001-50,IGREJA NOVA CRIACAO,60175657,AVENIDA ENGENHEIRO SANTANA JUNIOR,PAPICU,FORTALEZA,CEARA,Benefício Fiscal,Previdenciário,Situação Regular,"4.360,59 "
Atividades de organizações religiosas,2020,172487277,08.181.827/0001-50,IGREJA NOVA CRIACAO,60175657,AVENIDA ENGENHEIRO SANTANA JUNIOR,PAPICU,FORTALEZA,CEARA,Benefício Fiscal,Previdenciário,Situação Regular,"14.143,21 "
Atividades de organizações religiosas,2020,30 2 20 006450-41,03.954.631/0001-38,IGREJA PRESBITERIANA DA CIDADE DOS FUNCIONARIOS,60823012,AVENIDA DESEMBARGADOR GONZAGA,CIDADE DOS FUNCIONARIOS,FORTALEZA,CEARA,Em cobrança,Não Previdenciário,Situação Irregular,"1.123,65 "
Atividades de organizações religiosas,2020,30 2 20 006532-22,08.181.827/0001-50,IGREJA NOVA CRIACAO,60175657,AVENIDA ENGENHEIRO SANTANA JUNIOR,PAPICU,FORTALEZA,CEARA,Benefício Fiscal,Não Previdenciário,Situação Regular,"91.544,82 "
Atividades de organizações religiosas,2020,30 2 20 006568-33,04.417.000/0001-42,IGREJA ASSEMBLEIA DE DEUS DO SERVILUZ,60180000,AVENIDA ZEZE  DIOGO,SERVILUZ,FORTALEZA,CEARA,Em cobrança,Não Previdenciário,Situação Irregular,"1.094,12 "
Atividades de organizações religiosas,2020,30 2 20 006648-52,08.953.386/0001-68,IGREJA APOSTOLICA NOVIDADE DE VIDA DE FORTALEZA,60821800,RUA LIDIA BRIGIDO,AGUA FRIA,FORTALEZA,CEARA,Benefício Fiscal,Não Previdenciário,Situação Regular,"1.440,54 "
Atividades de organizações religiosas,2020,30 6 20 017260-10,02.870.652/0001-02,IGREJA DE DEUS MISSIONARIA,60360760,RUA MANUEL NUNES,ANTONIO BEZERRA,FORTALEZA,CEARA,Em cobrança,Não Previdenciário,Situação Irregular,"823,48 "
Atividades de organizações religiosas,2020,30 6 20 017468-00,19.642.143/0001-25,IGREJA PENTECOSTAL TABERNACULO DOS MILAGRES,60821165,RUA FELICIANO JUNIOR,JARDIM DAS OLIVEIRAS,FORTALEZA,CEARA,Benefício Fiscal,Não Previdenciário,Situação Regular,"823,48 "
Atividades de organizações religiosas,2020,30 7 20 002913-00,08.953.386/0001-68,IGREJA APOSTOLICA NOVIDADE DE VIDA DE FORTALEZA,60821800,RUA LIDIA BRIGIDO,AGUA FRIA,FORTALEZA,CEARA,Benefício Fiscal,Não Previdenciário,Situação Regular,"1.460,37 "
Atividades de organizações religiosas,2019,138731195,05.952.120/0001-02,ASSOCIACAO DAS MISSIONARIAS CAMILIANAS MARIA MAE DA VIDA,60010000,AVENIDA PRESIDENTE CASTELO BRANCO,MOURA BRASIL,FORTALEZA,CEARA,Em cobrança,Previdenciário,Situação Irregular,"1.346,50 "
Atividades de organizações religiosas,2019,148551050,06.326.919/0001-56,IGREJA CRISTA DA FAMILIA EM FORTALEZA/CEARA,60811110,RUA LUIZA MIRANDA COELHO,ENG LUCIANO CAVALCANTE,FORTALEZA,CEARA,Em cobrança,Previdenciário,Situação Irregular,"706,30 "
Atividades de organizações religiosas,2019,148551068,06.326.919/0001-56,IGREJA CRISTA DA FAMILIA EM FORTALEZA/CEARA,60811110,RUA LUIZA MIRANDA COELHO,ENG LUCIANO CAVALCANTE,FORTALEZA,CEARA,Em cobrança,Previdenciário,Situação Irregular,"7.764,04 "
Atividades de organizações religiosas,2019,156351234,08.671.286/0001-49,IGREJA PENTECOSTAL NOVA ALIANCA,60841032,AVENIDA WASHINGTON SOARES,MESSEJANA,FORTALEZA,CEARA,Benefício Fiscal,Previdenciário,Situação Regular,"2.824,14 "
Atividades de organizações religiosas,2019,156351242,08.671.286/0001-49,IGREJA PENTECOSTAL NOVA ALIANCA,60841032,AVENIDA WASHINGTON SOARES,MESSEJANA,FORTALEZA,CEARA,Benefício Fiscal,Previdenciário,Situação Regular,"18.733,72 "
Atividades de organizações religiosas,2019,159247314,05.601.588/0001-52,CONGREGACAO PENIEL DE FORTALEZA,60050010,RUA ASSUNCAO,CENTRO,FORTALEZA,CEARA,Benefício Fiscal,Previdenciário,Situação Regular,"3.416,17 "
Atividades de organizações religiosas,2019,159247322,05.601.588/0001-52,CONGREGACAO PENIEL DE FORTALEZA,60050010,RUA ASSUNCAO,CENTRO,FORTALEZA,CEARA,Benefício Fiscal,Previdenciário,Situação Regular,"11.145,28 "
Atividades de organizações religiosas,2019,159252431,07.210.925/0001-06,MITRA ARQUIDIOCESANA DE FORTALEZA,60060090,AVENIDA DOM MANUEL,CENTRO,FORTALEZA,CEARA,Benefício Fiscal,Previdenciário,Situação Regular,"5.671,72 "
Atividades de organizações religiosas,2019,159252440,07.210.925/0001-06,MITRA ARQUIDIOCESANA DE FORTALEZA,60060090,AVENIDA DOM MANUEL,CENTRO,FORTALEZA,CEARA,Benefício Fiscal,Previdenciário,Situação Regular,"22.313,63 "
Atividades de organizações religiosas,2019,159261929,09.255.212/0001-94,IGREJA COMUNIDADE CRISTA LOGOS,60731534,AVENIDA OSORIO DE PAIVA,BONSUCESSO,FORTALEZA,CEARA,Em cobrança,Previdenciário,Situação Irregular,"9.080,45 "
Atividades de organizações religiosas,2019,159261937,09.255.212/0001-94,IGREJA COMUNIDADE CRISTA LOGOS,60731534,AVENIDA OSORIO DE PAIVA,BONSUCESSO,FORTALEZA,CEARA,Em cobrança,Previdenciário,Situação Irregular,"40.034,19 "
Atividades de organizações religiosas,2019,30 2 19 003137-48,08.632.243/0001-54,IGREJA EVANGELICA BETSAIDA,60342000,AVENIDA HILDEBRANDO DE MELO,QUINTINO CUNHA,FORTALEZA,CEARA,Benefício Fiscal,Não Previdenciário,Situação Regular,"8.935,72 "
Atividades de organizações religiosas,2019,30 2 19 004001-28,04.417.000/0001-42,IGREJA ASSEMBLEIA DE DEUS DO SERVILUZ,60180000,AVENIDA ZEZE  DIOGO,SERVILUZ,FORTALEZA,CEARA,Em cobrança,Não Previdenciário,Situação Irregular,"2.367,47 "
Atividades de organizações religiosas,2019,30 6 19 008369-52,15.673.385/0001-25,IGREJA EVANGELICA ASSEMBLEIA DE DEUS - GETSEMANE,60184160,RUA VITORIA  REGIA,VICENTE PIZON,FORTALEZA,CEARA,Em cobrança,Não Previdenciário,Situação Irregular,"3.041,50 "
Atividades de organizações religiosas,2019,30 2 19 004576-69,41.655.911/0001-34,IGREJA EVANGELICA ASSEMBLEIA DE DEUS MIN DE MADUREIRA,60760000,AVENIDA DOS EXPEDICIONARIOS,CONJ ITAPERI,FORTALEZA,CEARA,Em cobrança,Não Previdenciário,Situação Irregular,"2.539,32 "
Atividades de organizações religiosas,2019,160904366,09.255.212/0001-94,IGREJA COMUNIDADE CRISTA LOGOS,60731534,AVENIDA OSORIO DE PAIVA,BONSUCESSO,FORTALEZA,CEARA,Em cobrança,Previdenciário,Situação Irregular,"4.042,90 "
Atividades de organizações religiosas,2019,160904374,09.255.212/0001-94,IGREJA COMUNIDADE CRISTA LOGOS,60731534,AVENIDA OSORIO DE PAIVA,BONSUCESSO,FORTALEZA,CEARA,Em cobrança,Previdenciário,Situação Irregular,"26.669,65 "
Atividades de organizações religiosas,2019,161480918,35.076.272/0001-50,IGREJA BATISTA EM EDSON QUEIROZ- IBEQ,60811695,RUA DOUTOR CARLOS RIBEIRO PAMPLONA,EDSON QUEIROZ,FORTALEZA,CEARA,Em cobrança,Previdenciário,Situação Irregular,"13.446,95 "
Atividades de organizações religiosas,2019,161480926,35.076.272/0001-50,IGREJA BATISTA EM EDSON QUEIROZ- IBEQ,60811695,RUA DOUTOR CARLOS RIBEIRO PAMPLONA,EDSON QUEIROZ,FORTALEZA,CEARA,Em cobrança,Previdenciário,Situação Irregular,"2.636,60 "
Atividades de organizações religiosas,2019,30 6 19 012242-92,35.076.272/0001-50,IGREJA BATISTA EM EDSON QUEIROZ- IBEQ,60811695,RUA DOUTOR CARLOS RIBEIRO PAMPLONA,EDSON QUEIROZ,FORTALEZA,CEARA,Em cobrança,Não Previdenciário,Situação Irregular,"1.243,99 "
Atividades de organizações religiosas,2019,30 6 19 012255-07,41.302.647/0001-55,IGREJA DE CRISTO NO PARQUE ARAXA,60431010,RUA FREI MARCELINO,PARQUE ARAXA,FORTALEZA,CEARA,Em cobrança,Não Previdenciário,Situação Irregular,"5.058,51 "
Atividades de organizações religiosas,2019,30 5 19 002170-58,08.953.386/0001-68,IGREJA APOSTOLICA NOVIDADE DE VIDA DE FORTALEZA,60821800,RUA LIDIA BRIGIDO,AGUA FRIA,FORTALEZA,CEARA,Benefício Fiscal,Não Previdenciário,Situação Regular,"5.276,20 "
Atividades de organizações religiosas,2019,30 5 19 002171-39,08.953.386/0001-68,IGREJA APOSTOLICA NOVIDADE DE VIDA DE FORTALEZA,60821800,RUA LIDIA BRIGIDO,AGUA FRIA,FORTALEZA,CEARA,Benefício Fiscal,Não Previdenciário,Situação Regular,"3.948,87 "
Atividades de organizações religiosas,2019,30 5 19 002172-10,08.953.386/0001-68,IGREJA APOSTOLICA NOVIDADE DE VIDA DE FORTALEZA,60821800,RUA LIDIA BRIGIDO,AGUA FRIA,FORTALEZA,CEARA,Benefício Fiscal,Não Previdenciário,Situação Regular,"3.948,87 "
Atividades de organizações religiosas,2019,30 5 19 002173-09,08.953.386/0001-68,IGREJA APOSTOLICA NOVIDADE DE VIDA DE FORTALEZA,60821800,RUA LIDIA BRIGIDO,AGUA FRIA,FORTALEZA,CEARA,Benefício Fiscal,Não Previdenciário,Situação Regular,"3.948,87 "
Atividades de organizações religiosas,2019,30 5 19 002174-81,08.953.386/0001-68,IGREJA APOSTOLICA NOVIDADE DE VIDA DE FORTALEZA,60821800,RUA LIDIA BRIGIDO,AGUA FRIA,FORTALEZA,CEARA,Benefício Fiscal,Não Previdenciário,Situação Regular,"3.948,87 "
Atividades de organizações religiosas,2019,30 6 19 013255-60,07.218.466/0001-07,COMUNIDADE CRISTA D.O.V.E,60821710,RUA VEREADOR PEDRO PAULO,PARQUE MANIBURA,FORTALEZA,CEARA,Em cobrança,Não Previdenciário,Situação Irregular,"1.692,41 "
Atividades de organizações religiosas,2019,30 6 19 013408-70,17.860.500/0001-04,GRUPO FRATERNAL ADOLFO BEZERRA DE MENEZES,60720410,TRAVESSA GUILHERME PERDIGAO,PARANGABA,FORTALEZA,CEARA,Em cobrança,Não Previdenciário,Situação Irregular,"2.613,38 "
Atividades de organizações religiosas,2019,163330778,07.210.925/0001-06,MITRA ARQUIDIOCESANA DE FORTALEZA,60060090,AVENIDA DOM MANUEL,CENTRO,FORTALEZA,CEARA,Benefício Fiscal,Previdenciário,Situação Regular,"513,28 "
Atividades de organizações religiosas,2019,163330786,07.210.925/0001-06,MITRA ARQUIDIOCESANA DE FORTALEZA,60060090,AVENIDA DOM MANUEL,CENTRO,FORTALEZA,CEARA,Benefício Fiscal,Previdenciário,Situação Regular,"3.790,52 "
Atividades de organizações religiosas,2019,163340617,09.255.212/0001-94,IGREJA COMUNIDADE CRISTA LOGOS,60731534,AVENIDA OSORIO DE PAIVA,BONSUCESSO,FORTALEZA,CEARA,Em cobrança,Previdenciário,Situação Irregular,"3.607,89 "
Atividades de organizações religiosas,2019,163340625,09.255.212/0001-94,IGREJA COMUNIDADE CRISTA LOGOS,60731534,AVENIDA OSORIO DE PAIVA,BONSUCESSO,FORTALEZA,CEARA,Em cobrança,Previdenciário,Situação Irregular,"38.045,59 "
Atividades de organizações religiosas,2019,30 6 19 015194-11,09.427.329/0001-08,SEGUNDA IGREJA PRESBITERIANA DE FORTALEZA,60310000,AVENIDA FRANCISCO SA,CARLITO PAMPLONA,FORTALEZA,CEARA,Em cobrança,Não Previdenciário,Situação Irregular,"4.568,13 "
Atividades de organizações religiosas,2019,30 6 19 016819-44,10.302.653/0001-89,ASSEMBLEIA DE DEUS FONTE DE BELEM,60545350,RUA VERBENA,BONSUCESSO,FORTALEZA,CEARA,Em cobrança,Não Previdenciário,Situação Irregular,"39.850,52 "
Atividades de organizações religiosas,2019,30 2 19 007433-27,08.336.382/0001-30,MISSAO APOSTOLICA APASCENTAR E RESTAURAR,60175580,RUA ALTO ALEGRE,MUCURIPE,FORTALEZA,CEARA,Benefício Fiscal,Não Previdenciário,Situação Regular,"27.324,01 "
Atividades de organizações religiosas,2019,30 6 19 017942-00,07.095.169/0001-11,PROVINCIA DE FORTALEZA DA CONGREGACAO DA MISSAO,60352370,RUA SAO VICENTE DE PAULO,ANTONIO BEZERRA,FORTALEZA,CEARA,Em cobrança,Não Previdenciário,Situação Irregular,"5.403,99 "
Atividades de organizações religiosas,2019,30 6 19 018016-05,05.901.001/0001-20,IGREJA DA RESTAURACAO - IR,60440160,AVENIDA CARNEIRO DE MENDONCA,DEMOCRITO ROCHA,FORTALEZA,CEARA,Em cobrança,Não Previdenciário,Situação Irregular,"7.119,03 "
Atividades de organizações religiosas,2019,30 6 19 018365-73,06.259.742/0001-12,COMUNIDADE EVANGELICA TEMPLO DE ADORACAO,60820070,RUA BOM JESUS,JARDIM CASTELAO,FORTALEZA,CEARA,Em cobrança,Não Previdenciário,Situação Irregular,"14.882,72 "
Atividades de organizações religiosas,2019,30 6 19 018836-52,05.130.250/0001-60,CONVENCAO DAS IGREJAS BATISTAS UNIDAS DO CEARA,60055110,RUA PEDRO BORGES,CENTRO,FORTALEZA,CEARA,Em cobrança,Não Previdenciário,Situação Irregular,"3.093,75 "
Atividades de organizações religiosas,2019,30 6 19 018934-53,07.846.264/0001-00,IGREJA CRISTA EVANGELICA FORTALECENSE,60761230,RUA MONSENHOR TABOSA,PRAIA DE IRACEMA,FORTALEZA,CEARA,Em cobrança,Não Previdenciário,Situação Irregular,"22.116,93 "
Atividades de organizações religiosas,2019,30 6 19 019063-77,09.529.629/0001-06,IGREJA PREBISTERIANA DE MONTE CASTELO,60325160,RUA PADRE FROTA,MONTE CASTELO,FORTALEZA,CEARA,Em cobrança,Não Previdenciário,Situação Irregular,"2.676,30 "
Atividades de organizações religiosas,2019,30 6 19 019245-10,04.939.097/0001-53,IGREJA PENTECOSTAL DO EVANGELHO PLENO,60760120,JOAQUIM DOS ANJOS,JOSE WALTER,FORTALEZA,CEARA,Em cobrança,Não Previdenciário,Situação Irregular,"3.235,92 "
Atividades de organizações religiosas,2019,30 6 19 019253-20,10.510.585/0001-43,MINISTERIO REFUGIO DA GRACA,60050070,RUA BARAO DE ARATANHA,CENTRO,FORTALEZA,CEARA,Em cobrança,Não Previdenciário,Situação Irregular,"3.529,41 "
Atividades de organizações religiosas,2019,30 6 19 019698-83,05.972.489/0001-87,IGREJA BATISTA RIO JORDAO,60874795,RUA RIO  JORDAO,PQ  SANTA  FILOMENA,FORTALEZA,CEARA,Em cobrança,Não Previdenciário,Situação Irregular,"3.065,42 "
Atividades de organizações religiosas,2019,30 6 19 019997-90,01.449.223/0001-01,IGREJA EVANGELICA CONGREGACIONAL DE FORTALEZA,60130490,RUA ANA GONCALVES,PIO XII,FORTALEZA,CEARA,Em cobrança,Não Previdenciário,Situação Irregular,"1.856,25 "
Atividades de organizações religiosas,2019,30 6 19 020234-10,02.406.590/0001-82,COMUNIDADE CRISTA DO CALVARIO - CCC,60130560,RUA TUBARAO,PIO XII,FORTALEZA,CEARA,Em cobrança,Não Previdenciário,Situação Irregular,"300,85 "
Atividades de organizações religiosas,2019,30 6 19 020435-26,13.216.397/0001-03,IGREJA CRISTA TEMPO SARADO,60337300,RUA TOMAZ GONZAGA,CRISTO REDENTOR,FORTALEZA,CEARA,Em cobrança,Não Previdenciário,Situação Irregular,"651,59 "
Atividades de organizações religiosas,2019,30 6 19 020636-32,11.594.506/0001-92,IGREJA EVANGELICA MISSAO CARISMATICA MILAGRES,60730120,RUA DOM HENRIQUE,VILA PERI,FORTALEZA,CEARA,Em cobrança,Não Previdenciário,Situação Irregular,"1.831,17 "
Atividades de organizações religiosas,2019,30 6 19 020769-63,02.137.943/0001-96,MISSAO EVANGELICA CRISTO SALVA,60871800,RUA BEATRIZ GURGEL,MESSEJANA,FORTALEZA,CEARA,Em cobrança,Não Previdenciário,Situação Irregular,"1.823,41 "
Atividades de organizações religiosas,2019,30 6 19 020920-63,00.900.289/0001-03,IGREJA BATISTA ESPERANCA,60763560,RUA 107,CONJ ESPERANCA,FORTALEZA,CEARA,Em cobrança,Não Previdenciário,Situação Irregular,"1.257,41 "
Atividades de organizações religiosas,2019,30 6 19 020932-05,07.294.093/0001-53,CONSELHO PAROQUIAL NOSSA SENHORA DE FATIMA,60415000,RUA MARIO MAMEDE,FATIMA,FORTALEZA,CEARA,Em cobrança,Não Previdenciário,Situação Irregular,"1.243,77 "
Atividades de organizações religiosas,2019,30 7 19 004574-01,07.294.093/0001-53,CONSELHO PAROQUIAL NOSSA SENHORA DE FATIMA,60415000,RUA MARIO MAMEDE,FATIMA,FORTALEZA,CEARA,Em cobrança,Não Previdenciário,Situação Irregular,"1.204,74 "
Atividades de organizações religiosas,2019,30 2 19 007530-47,04.745.591/0001-87,COMUNIDADE CRISTA VIDEIRA,60830740,RUA ELISEU ORIA,ALAGADICO NOVO,FORTALEZA,CEARA,Benefício Fiscal,Não Previdenciário,Situação Regular,"19.050,69 "
Atividades de organizações religiosas,2019,30 6 19 021056-53,23.817.574/0001-52,IGREJA EVANGELICA ASSEMBLEIA DE DEUS VITORIA SO EM JESUS,60355302,TRAVESSA VIA FERREA SOBRAL,PRESIDENTE KENNEDY,FORTALEZA,CEARA,Em cobrança,Não Previdenciário,Situação Irregular,"2.094,58 "
Atividades de organizações religiosas,2019,30 6 19 021249-50,12.247.128/0001-33,LAR DE MARIA,60050080,RUA JAIME BENEVOLO,CENTRO,FORTALEZA,CEARA,Em cobrança,Não Previdenciário,Situação Irregular,"1.277,65 "
Atividades de organizações religiosas,2019,30 6 19 021329-79,11.724.824/0001-20,SOCIEDADE ISRAELITA SEFARADI DO CEARA - SISEC,60840340,RUA CORONEL GUILHERME ALENCAR,MESSEJANA,FORTALEZA,CEARA,Em cobrança,Não Previdenciário,Situação Irregular,"1.491,46 "
Atividades de organizações religiosas,2019,30 6 19 021417-06,06.021.272/0001-54,COMUNIDADE EVANGELICA FILADELFIA,60341460,RUA MISERICORDIA,BARRA DO CEARA,FORTALEZA,CEARA,Em cobrança,Não Previdenciário,Situação Irregular,"1.232,11 "
Atividades de organizações religiosas,2019,30 6 19 021606-70,11.693.407/0001-68,IGREJA BATISTA KHARIS,60450175,RUA ERICO MOTA,PARQUELANDIA,FORTALEZA,CEARA,Em cobrança,Não Previdenciário,Situação Irregular,"1.398,25 "
Atividades de organizações religiosas,2019,30 6 19 021667-92,10.893.671/0001-82,COMITIUM MEDIATRIX DE PARANGABA - LEGIAO DE MARIA,60720370,RUA MARACANA,PARANGABA,FORTALEZA,CEARA,Em cobrança,Não Previdenciário,Situação Irregular,"1.277,65 "
Atividades de organizações religiosas,2019,30 6 19 021748-92,20.711.312/0001-10,MINISTERIO APOSTOLICO DA RESTAURACAO PLENA,60526205,RUA MANAUS,DOM LUSTOSA,FORTALEZA,CEARA,Em cobrança,Não Previdenciário,Situação Irregular,"1.817,69 "
Atividades de organizações religiosas,2019,30 6 19 021759-45,09.255.212/0001-94,IGREJA COMUNIDADE CRISTA LOGOS,60731534,AVENIDA OSORIO DE PAIVA,BONSUCESSO,FORTALEZA,CEARA,Em cobrança,Não Previdenciário,Situação Irregular,"1.850,86 "
Atividades de organizações religiosas,2019,30 6 19 021789-60,13.285.458/0001-86,IGREJA EVANGELICA ASSEMBLEIA DE DEUS JERUSALEM,60876601,RUA 37,JANGURUSSU,FORTALEZA,CEARA,Em cobrança,Não Previdenciário,Situação Irregular,"2.272,05 "
Atividades de organizações religiosas,2019,30 6 19 021963-57,07.044.415/0001-06,LEGIAO DE MARIA,60050125,RUA BARAO DE ARATANHA,FATIMA,FORTALEZA,CEARA,Em cobrança,Não Previdenciário,Situação Irregular,"1.277,65 "
Atividades de organizações religiosas,2019,30 6 19 022337-32,09.052.613/0001-47,IGREJA CRISTA GILEADE CIDADE DOS FUNCIONARIOS,60822630,RUA TEOFREDO GOIANA,CIDADE DOS FUNCIONARIOS,FORTALEZA,CEARA,Em cobrança,Não Previdenciário,Situação Irregular,"1.209,89 "
Atividades de organizações religiosas,2019,30 6 19 022480-98,07.860.588/0001-00,IGREJA PRESBITERIANA DE AEROLANDIA,60851240,RUA CAPITAO OLAVO,AEROLANDIA,FORTALEZA,CEARA,Em cobrança,Não Previdenciário,Situação Irregular,"1.257,57 "
Atividades de organizações religiosas,2019,30 6 19 022510-48,11.822.038/0001-66,IGREJA BATISTA ALVORADA,60140160,AVENIDA PADRE ANTONIO TOMAS,ALDEOTA,FORTALEZA,CEARA,Em cobrança,Não Previdenciário,Situação Irregular,"1.836,56 "
Atividades de organizações religiosas,2019,30 6 19 022570-89,13.115.651/0001-79,IGREJA EVANGELICA PENTECOSTAL NAS LEIS DE DEUS,60732552,RUA MIGUEL AFONSO SILVA,SIQUEIRA,FORTALEZA,CEARA,Em cobrança,Não Previdenciário,Situação Irregular,"1.330,87 "
Atividades de organizações religiosas,2019,30 6 19 022778-61,17.197.339/0001-22,PRIMEIRA IGREJA TABERNACULO BATISTA DO CEARA,60741525,RUA MAL ME QUER,SERRINHA,FORTALEZA,CEARA,Em cobrança,Não Previdenciário,Situação Irregular,"2.056,81 "
Atividades de organizações religiosas,2019,162924429,05.952.120/0001-02,ASSOCIACAO DAS MISSIONARIAS CAMILIANAS MARIA MAE DA VIDA,60010000,AVENIDA PRESIDENTE CASTELO BRANCO,MOURA BRASIL,FORTALEZA,CEARA,Em cobrança,Previdenciário,Situação Irregular,"3.908,76 "
Atividades de organizações religiosas,2019,162924437,05.952.120/0001-02,ASSOCIACAO DAS MISSIONARIAS CAMILIANAS MARIA MAE DA VIDA,60010000,AVENIDA PRESIDENTE CASTELO BRANCO,MOURA BRASIL,FORTALEZA,CEARA,Em cobrança,Previdenciário,Situação Irregular,"9.523,14 "
Atividades de organizações religiosas,2018,137215800,07.210.925/0001-06,MITRA ARQUIDIOCESANA DE FORTALEZA,60060090,AVENIDA DOM MANUEL,CENTRO,FORTALEZA,CEARA,Em cobrança,Previdenciário,Situação Irregular,"94.689,40 "
Atividades de organizações religiosas,2018,137215819,07.210.925/0001-06,MITRA ARQUIDIOCESANA DE FORTALEZA,60060090,AVENIDA DOM MANUEL,CENTRO,FORTALEZA,CEARA,Benefício Fiscal,Previdenciário,Situação Regular,"77.103,96 "
Atividades de organizações religiosas,2018,137217692,07.294.093/0001-53,CONSELHO PAROQUIAL NOSSA SENHORA DE FATIMA,60415000,RUA MARIO MAMEDE,FATIMA,FORTALEZA,CEARA,Benefício Fiscal,Previdenciário,Situação Regular,"51.084,70 "
Atividades de organizações religiosas,2018,137242638,09.255.212/0001-94,IGREJA COMUNIDADE CRISTA LOGOS,60731534,AVENIDA OSORIO DE PAIVA,BONSUCESSO,FORTALEZA,CEARA,Em cobrança,Previdenciário,Situação Irregular,"18.275,08 "
Atividades de organizações religiosas,2018,137242646,09.255.212/0001-94,IGREJA COMUNIDADE CRISTA LOGOS,60731534,AVENIDA OSORIO DE PAIVA,BONSUCESSO,FORTALEZA,CEARA,Em cobrança,Previdenciário,Situação Irregular,"65.580,71 "
Atividades de organizações religiosas,2018,139259163,22.636.706/0001-87,IGREJA EVANGELICA MINISTERIO PENTECOSTAL SHEKINAH,60736046,RUA NUBIA ARAUJO CAVALCANTE,SIQUEIRA,FORTALEZA,CEARA,Em cobrança,Previdenciário,Situação Irregular,"15.172,97 "
Atividades de organizações religiosas,2018,139259171,22.636.706/0001-87,IGREJA EVANGELICA MINISTERIO PENTECOSTAL SHEKINAH,60736046,RUA NUBIA ARAUJO CAVALCANTE,SIQUEIRA,FORTALEZA,CEARA,Em cobrança,Previdenciário,Situação Irregular,"38.114,38 "
Atividades de organizações religiosas,2018,140023089,05.601.588/0001-52,CONGREGACAO PENIEL DE FORTALEZA,60050010,RUA ASSUNCAO,CENTRO,FORTALEZA,CEARA,Benefício Fiscal,Previdenciário,Situação Regular,"5.322,20 "
Atividades de organizações religiosas,2018,140023097,05.601.588/0001-52,CONGREGACAO PENIEL DE FORTALEZA,60050010,RUA ASSUNCAO,CENTRO,FORTALEZA,CEARA,Benefício Fiscal,Previdenciário,Situação Regular,"17.185,40 "
Atividades de organizações religiosas,2018,374887306,07.210.925/0001-06,MITRA ARQUIDIOCESANA DE FORTALEZA,60060090,AVENIDA DOM MANUEL,CENTRO,FORTALEZA,CEARA,Benefício Fiscal,Previdenciário,Situação Regular,"70.056,41 "
Atividades de organizações religiosas,2018,464749999,05.601.588/0001-52,CONGREGACAO PENIEL DE FORTALEZA,60050010,RUA ASSUNCAO,CENTRO,FORTALEZA,CEARA,Benefício Fiscal,Previdenciário,Situação Regular,"5.321,57 "
Atividades de organizações religiosas,2018,464750008,05.601.588/0001-52,CONGREGACAO PENIEL DE FORTALEZA,60050010,RUA ASSUNCAO,CENTRO,FORTALEZA,CEARA,Benefício Fiscal,Previdenciário,Situação Regular,"18.767,24 "
Atividades de organizações religiosas,2018,132001012,07.294.093/0001-53,CONSELHO PAROQUIAL NOSSA SENHORA DE FATIMA,60415000,RUA MARIO MAMEDE,FATIMA,FORTALEZA,CEARA,Benefício Fiscal,Previdenciário,Situação Regular,"107.898,17 "
Atividades de organizações religiosas,2018,30 6 18 000583-70,15.478.428/0001-11,CENTRO ESPIRITA UNIVERSALISTA REIS TUPINAMBA,60150020,RUA UBAJARA,CENTRO,FORTALEZA,CEARA,Em cobrança,Não Previdenciário,Situação Irregular,"1.731,80 "
Atividades de organizações religiosas,2018,30 6 18 002765-21,05.901.001/0001-20,IGREJA DA RESTAURACAO - IR,60440160,AVENIDA CARNEIRO DE MENDONCA,DEMOCRITO ROCHA,FORTALEZA,CEARA,Em cobrança,Não Previdenciário,Situação Irregular,"1.372,47 "
Atividades de organizações religiosas,2018,30 6 18 002818-78,06.021.272/0001-54,COMUNIDADE EVANGELICA FILADELFIA,60341460,RUA MISERICORDIA,BARRA DO CEARA,FORTALEZA,CEARA,Em cobrança,Não Previdenciário,Situação Irregular,"684,43 "
Atividades de organizações religiosas,2018,30 6 18 005147-24,11.963.958/0001-02,IGREJA CRISTA INTERNACIONAL NOVA VIDA,60440105,RUA RIO BRANCO,DEMOCRITO ROCHA,FORTALEZA,CEARA,Em cobrança,Não Previdenciário,Situação Irregular,"686,23 "
Atividades de organizações religiosas,2018,30 6 18 005604-08,14.921.497/0001-95,IGREJA PENTECOSTAL MISSAO E BENCAO,60180470,RUA FRANCISCO MONTE,CAIS DO PORTO,FORTALEZA,CEARA,Em cobrança,Não Previdenciário,Situação Irregular,"1.372,47 "
Atividades de organizações religiosas,2018,30 6 18 005613-07,15.033.774/0001-96,SEMINARIO TEOLOGICO DAS ASSEMBLEIAS DE DEUS DE FORTALEZA,60180012,AVENIDA ZEZE DIOGO,CAIS DO PORTO,FORTALEZA,CEARA,Em cobrança,Não Previdenciário,Situação Irregular,"1.372,47 "
Atividades de organizações religiosas,2018,30 6 18 005881-75,19.534.217/0001-00,COMUNIDADE EVANGELICA REOBOTE,60353130,RUA ILHA DOURADA,QUINTINO CUNHA,FORTALEZA,CEARA,Em cobrança,Não Previdenciário,Situação Irregular,"3.293,92 "
Atividades de organizações religiosas,2018,30 6 18 011036-39,00.948.286/0001-31,COMUNIDADE EVANGELICA TEMPLO DOS PRINCIPES,60851150,RUA CAPITAO ARAGAO,AEROLANDIA,FORTALEZA,CEARA,Em cobrança,Não Previdenciário,Situação Irregular,"26.193,71 "
Atividades de organizações religiosas,2018,30 6 18 011037-10,00.948.286/0001-31,COMUNIDADE EVANGELICA TEMPLO DOS PRINCIPES,60851150,RUA CAPITAO ARAGAO,AEROLANDIA,FORTALEZA,CEARA,Em cobrança,Não Previdenciário,Situação Irregular,"2.847,14 "
Atividades de organizações religiosas,2018,135459710,05.901.001/0001-20,IGREJA DA RESTAURACAO - IR,60440160,AVENIDA CARNEIRO DE MENDONCA,DEMOCRITO ROCHA,FORTALEZA,CEARA,Em cobrança,Previdenciário,Situação Irregular,"4.732,18 "
Atividades de organizações religiosas,2018,135459729,05.901.001/0001-20,IGREJA DA RESTAURACAO - IR,60440160,AVENIDA CARNEIRO DE MENDONCA,DEMOCRITO ROCHA,FORTALEZA,CEARA,Em cobrança,Previdenciário,Situação Irregular,"25.535,30 "
Atividades de organizações religiosas,2018,141493313,05.601.588/0001-52,CONGREGACAO PENIEL DE FORTALEZA,60050010,RUA ASSUNCAO,CENTRO,FORTALEZA,CEARA,Benefício Fiscal,Previdenciário,Situação Regular,"6.979,06 "
Atividades de organizações religiosas,2018,141493321,05.601.588/0001-52,CONGREGACAO PENIEL DE FORTALEZA,60050010,RUA ASSUNCAO,CENTRO,FORTALEZA,CEARA,Benefício Fiscal,Previdenciário,Situação Regular,"21.189,80 "
Atividades de organizações religiosas,2018,30 2 18 000650-41,05.869.631/0001-65,IGREJA EVANGELICA ASSEMBLEIA DE DEUS DE MONTESE,60421040,AVENIDA 15 DE NOVEMBRO,MONTESE,FORTALEZA,CEARA,Em cobrança,Não Previdenciário,Situação Irregular,"19.527,07 "
Atividades de organizações religiosas,2018,149894619,07.294.093/0001-53,CONSELHO PAROQUIAL NOSSA SENHORA DE FATIMA,60415000,RUA MARIO MAMEDE,FATIMA,FORTALEZA,CEARA,Benefício Fiscal,Previdenciário,Situação Regular,"17.154,84 "
Atividades de organizações religiosas,2018,149907761,09.255.212/0001-94,IGREJA COMUNIDADE CRISTA LOGOS,60731534,AVENIDA OSORIO DE PAIVA,BONSUCESSO,FORTALEZA,CEARA,Em cobrança,Previdenciário,Situação Irregular,"23.423,55 "
Atividades de organizações religiosas,2018,149907770,09.255.212/0001-94,IGREJA COMUNIDADE CRISTA LOGOS,60731534,AVENIDA OSORIO DE PAIVA,BONSUCESSO,FORTALEZA,CEARA,Em cobrança,Previdenciário,Situação Irregular,"88.929,31 "
Atividades de organizações religiosas,2018,150384033,07.154.941/0001-29,ASSOCIACAO FILANTROPICA EVANGELICA,60015140,RUA TEREZA CRISTINA,CENTRO,FORTALEZA,CEARA,Benefício Fiscal,Previdenciário,Situação Regular,"11.818,29 "
Atividades de organizações religiosas,2018,150384041,07.154.941/0001-29,ASSOCIACAO FILANTROPICA EVANGELICA,60015140,RUA TEREZA CRISTINA,CENTRO,FORTALEZA,CEARA,Benefício Fiscal,Previdenciário,Situação Regular,"3.294,90 "
Atividades de organizações religiosas,2018,30 5 18 002394-24,04.745.591/0001-87,COMUNIDADE CRISTA VIDEIRA,60830740,RUA ELISEU ORIA,ALAGADICO NOVO,FORTALEZA,CEARA,Benefício Fiscal,Não Previdenciário,Situação Regular,"5.355,93 "
Atividades de organizações religiosas,2018,149893736,07.210.925/0001-06,MITRA ARQUIDIOCESANA DE FORTALEZA,60060090,AVENIDA DOM MANUEL,CENTRO,FORTALEZA,CEARA,Em cobrança,Previdenciário,Situação Irregular,"72.561,10 "
Atividades de organizações religiosas,2018,150340362,08.671.286/0001-49,IGREJA PENTECOSTAL NOVA ALIANCA,60841032,AVENIDA WASHINGTON SOARES,MESSEJANA,FORTALEZA,CEARA,Benefício Fiscal,Previdenciário,Situação Regular,"17.500,48 "
Atividades de organizações religiosas,2018,150340370,08.671.286/0001-49,IGREJA PENTECOSTAL NOVA ALIANCA,60841032,AVENIDA WASHINGTON SOARES,MESSEJANA,FORTALEZA,CEARA,Benefício Fiscal,Previdenciário,Situação Regular,"63.593,72 "
Atividades de organizações religiosas,2018,152510990,07.210.925/0001-06,MITRA ARQUIDIOCESANA DE FORTALEZA,60060090,AVENIDA DOM MANUEL,CENTRO,FORTALEZA,CEARA,Em cobrança,Previdenciário,Situação Irregular,"25.188,97 "
Atividades de organizações religiosas,2018,152511008,07.210.925/0001-06,MITRA ARQUIDIOCESANA DE FORTALEZA,60060090,AVENIDA DOM MANUEL,CENTRO,FORTALEZA,CEARA,Benefício Fiscal,Previdenciário,Situação Regular,"5.506,37 "
Atividades de organizações religiosas,2018,152520368,09.255.212/0001-94,IGREJA COMUNIDADE CRISTA LOGOS,60731534,AVENIDA OSORIO DE PAIVA,BONSUCESSO,FORTALEZA,CEARA,Em cobrança,Previdenciário,Situação Irregular,"8.834,54 "
Atividades de organizações religiosas,2018,152520376,09.255.212/0001-94,IGREJA COMUNIDADE CRISTA LOGOS,60731534,AVENIDA OSORIO DE PAIVA,BONSUCESSO,FORTALEZA,CEARA,Em cobrança,Previdenciário,Situação Irregular,"36.340,73 "
Atividades de organizações religiosas,2018,152551271,22.636.706/0001-87,IGREJA EVANGELICA MINISTERIO PENTECOSTAL SHEKINAH,60736046,RUA NUBIA ARAUJO CAVALCANTE,SIQUEIRA,FORTALEZA,CEARA,Em cobrança,Previdenciário,Situação Irregular,"8.238,51 "
Atividades de organizações religiosas,2018,152551280,22.636.706/0001-87,IGREJA EVANGELICA MINISTERIO PENTECOSTAL SHEKINAH,60736046,RUA NUBIA ARAUJO CAVALCANTE,SIQUEIRA,FORTALEZA,CEARA,Em cobrança,Previdenciário,Situação Irregular,"20.821,00 "
Atividades de organizações religiosas,2016,110563026,03.654.047/0001-67,IGREJA APOSTOLICA RECONSTRUIR EM CRISTO,60191355,RUA BENTO ALBUQUERQUE,MANUEL DIAS BRANCO,FORTALEZA,CEARA,Benefício Fiscal,Previdenciário,Situação Regular,"2.237,14 "
Atividades de organizações religiosas,2016,110563034,03.654.047/0001-67,IGREJA APOSTOLICA RECONSTRUIR EM CRISTO,60191355,RUA BENTO ALBUQUERQUE,MANUEL DIAS BRANCO,FORTALEZA,CEARA,Benefício Fiscal,Previdenciário,Situação Regular,"38.158,97 "
Atividades de organizações religiosas,2016,125234341,01.151.206/0001-85,IGREJA JERUSALEM DA GRANDEZA DE DEUS,60740020,RUA GERMANO FRANCK,PARANGABA,FORTALEZA,CEARA,Benefício Fiscal,Previdenciário,Situação Regular,"6.577,34 "
Atividades de organizações religiosas,2016,126187169,04.745.591/0001-87,COMUNIDADE CRISTA VIDEIRA,60830740,RUA ELISEU ORIA,ALAGADICO NOVO,FORTALEZA,CEARA,Benefício Fiscal,Previdenciário,Situação Regular,"39.598,07 "
Atividades de organizações religiosas,2016,126187177,04.745.591/0001-87,COMUNIDADE CRISTA VIDEIRA,60830740,RUA ELISEU ORIA,ALAGADICO NOVO,FORTALEZA,CEARA,Benefício Fiscal,Previdenciário,Situação Regular,"130.351,62 "
Atividades de organizações religiosas,2016,130806617,09.255.212/0001-94,IGREJA COMUNIDADE CRISTA LOGOS,60731534,AVENIDA OSORIO DE PAIVA,BONSUCESSO,FORTALEZA,CEARA,Benefício Fiscal,Previdenciário,Situação Regular,"1.452,80 "
Atividades de organizações religiosas,2016,131518542,05.601.588/0001-52,CONGREGACAO PENIEL DE FORTALEZA,60050010,RUA ASSUNCAO,CENTRO,FORTALEZA,CEARA,Benefício Fiscal,Previdenciário,Situação Regular,"8.470,30 "
Atividades de organizações religiosas,2016,131518550,05.601.588/0001-52,CONGREGACAO PENIEL DE FORTALEZA,60050010,RUA ASSUNCAO,CENTRO,FORTALEZA,CEARA,Benefício Fiscal,Previdenciário,Situação Regular,"25.038,13 "
Atividades de organizações religiosas,2016,428305938,04.745.591/0001-87,COMUNIDADE CRISTA VIDEIRA,60830740,RUA ELISEU ORIA,ALAGADICO NOVO,FORTALEZA,CEARA,Benefício Fiscal,Previdenciário,Situação Regular,"162.820,06 "
Atividades de organizações religiosas,2016,435662104,07.154.941/0001-29,ASSOCIACAO FILANTROPICA EVANGELICA,60015140,RUA TEREZA CRISTINA,CENTRO,FORTALEZA,CEARA,Benefício Fiscal,Previdenciário,Situação Regular,"1.532,30 "
Atividades de organizações religiosas,2016,451543971,04.745.591/0001-87,COMUNIDADE CRISTA VIDEIRA,60830740,RUA ELISEU ORIA,ALAGADICO NOVO,FORTALEZA,CEARA,Benefício Fiscal,Previdenciário,Situação Regular,"115.514,33 "
Atividades de organizações religiosas,2016,479279373,04.745.591/0001-87,COMUNIDADE CRISTA VIDEIRA,60830740,RUA ELISEU ORIA,ALAGADICO NOVO,FORTALEZA,CEARA,Benefício Fiscal,Previdenciário,Situação Regular,"80.678,20 "
Atividades de organizações religiosas,2015,30 6 15 002002-10,06.965.149/0001-91,1 IGREJA PRESBITERIANA INDEPENDENTE DE FORTALEZA,60015060,RUA PRINCESA ISABEL,CENTRO,FORTALEZA,CEARA,Benefício Fiscal,Não Previdenciário,Situação Regular,"25.952,64 "
Atividades de organizações religiosas,2015,30 6 15 004184-36,63.476.212/0001-60,AUGUSTA E RESP LOJA SIMBOLICA VIANA DE CARVALHO 1153,60766125,RUA AMERICA,PLANALTO AYRTON SENNA,FORTALEZA,CEARA,Benefício Fiscal,Não Previdenciário,Situação Regular,"1.271,43 "
Atividades de organizações religiosas,2015,113756208,04.745.591/0001-87,COMUNIDADE CRISTA VIDEIRA,60830740,RUA ELISEU ORIA,ALAGADICO NOVO,FORTALEZA,CEARA,Benefício Fiscal,Previdenciário,Situação Regular,"11.371,64 "
Atividades de organizações religiosas,2015,113756216,04.745.591/0001-87,COMUNIDADE CRISTA VIDEIRA,60830740,RUA ELISEU ORIA,ALAGADICO NOVO,FORTALEZA,CEARA,Benefício Fiscal,Previdenciário,Situação Regular,"87.758,05 "
Atividades de organizações religiosas,2015,115261060,04.745.591/0001-87,COMUNIDADE CRISTA VIDEIRA,60830740,RUA ELISEU ORIA,ALAGADICO NOVO,FORTALEZA,CEARA,Benefício Fiscal,Previdenciário,Situação Regular,"34.028,06 "
Atividades de organizações religiosas,2015,115261079,04.745.591/0001-87,COMUNIDADE CRISTA VIDEIRA,60830740,RUA ELISEU ORIA,ALAGADICO NOVO,FORTALEZA,CEARA,Benefício Fiscal,Previdenciário,Situação Regular,"109.875,62 "
Atividades de organizações religiosas,2015,123248744,05.601.588/0001-52,CONGREGACAO PENIEL DE FORTALEZA,60050010,RUA ASSUNCAO,CENTRO,FORTALEZA,CEARA,Benefício Fiscal,Previdenciário,Situação Regular,"10.092,48 "
Atividades de organizações religiosas,2015,123248752,05.601.588/0001-52,CONGREGACAO PENIEL DE FORTALEZA,60050010,RUA ASSUNCAO,CENTRO,FORTALEZA,CEARA,Benefício Fiscal,Previdenciário,Situação Regular,"36.119,10 "
Atividades de organizações religiosas,2015,124207006,07.294.093/0001-53,CONSELHO PAROQUIAL NOSSA SENHORA DE FATIMA,60415000,RUA MARIO MAMEDE,FATIMA,FORTALEZA,CEARA,Benefício Fiscal,Previdenciário,Situação Regular,"22.422,49 "
Atividades de organizações religiosas,2015,471649473,05.601.588/0001-52,CONGREGACAO PENIEL DE FORTALEZA,60050010,RUA ASSUNCAO,CENTRO,FORTALEZA,CEARA,Benefício Fiscal,Previdenciário,Situação Regular,"2.351,52 "
Atividades de organizações religiosas,2015,471649481,05.601.588/0001-52,CONGREGACAO PENIEL DE FORTALEZA,60050010,RUA ASSUNCAO,CENTRO,FORTALEZA,CEARA,Benefício Fiscal,Previdenciário,Situação Regular,"7.527,55 "
Atividades de organizações religiosas,2015,30 2 15 001126-72,05.869.631/0001-65,IGREJA EVANGELICA ASSEMBLEIA DE DEUS DE MONTESE,60421040,AVENIDA 15 DE NOVEMBRO,MONTESE,FORTALEZA,CEARA,Em cobrança,Não Previdenciário,Situação Irregular,"12.630,02 "
Atividades de organizações religiosas,2015,30 2 15 001409-60,08.632.243/0001-54,IGREJA EVANGELICA BETSAIDA,60342000,AVENIDA HILDEBRANDO DE MELO,QUINTINO CUNHA,FORTALEZA,CEARA,Benefício Fiscal,Não Previdenciário,Situação Regular,"4.147,04 "
Atividades de organizações religiosas,2014,438272048,03.654.047/0001-67,IGREJA APOSTOLICA RECONSTRUIR EM CRISTO,60191355,RUA BENTO ALBUQUERQUE,MANUEL DIAS BRANCO,FORTALEZA,CEARA,Benefício Fiscal,Previdenciário,Situação Regular,"11.924,32 "
Atividades de organizações religiosas,2014,438272056,03.654.047/0001-67,IGREJA APOSTOLICA RECONSTRUIR EM CRISTO,60191355,RUA BENTO ALBUQUERQUE,MANUEL DIAS BRANCO,FORTALEZA,CEARA,Benefício Fiscal,Previdenciário,Situação Regular,"73.583,68 "
Atividades de organizações religiosas,2014,442471246,04.745.591/0001-87,COMUNIDADE CRISTA VIDEIRA,60830740,RUA ELISEU ORIA,ALAGADICO NOVO,FORTALEZA,CEARA,Benefício Fiscal,Previdenciário,Situação Regular,"2.441,22 "
Atividades de organizações religiosas,2014,442471254,04.745.591/0001-87,COMUNIDADE CRISTA VIDEIRA,60830740,RUA ELISEU ORIA,ALAGADICO NOVO,FORTALEZA,CEARA,Benefício Fiscal,Previdenciário,Situação Regular,"21.113,96 "
Atividades de organizações religiosas,2013,30 5 13 000746-39,12.833.381/0001-79,IGREJA CRISTA DA RESTITUICAO,60541495,RUA VITAL BRASIL,GRANJA PORTUGAL,FORTALEZA,CEARA,Em cobrança,Não Previdenciário,Situação Irregular,"4.468,57 "
Atividades de organizações religiosas,2013,30 5 13 001755-83,12.833.381/0001-79,IGREJA CRISTA DA RESTITUICAO,60541495,RUA VITAL BRASIL,GRANJA PORTUGAL,FORTALEZA,CEARA,Em cobrança,Não Previdenciário,Situação Irregular,"3.022,22 "
Atividades de organizações religiosas,2012,FGCE201200120,07.294.093/0001-53,CONSELHO PAROQUIAL NOSSA SENHORA DE FATIMA,60415000,RUA MARIO MAMEDE,FATIMA,FORTALEZA,CEARA,Em cobrança,Contribuições FGTS,Situação Irregular,"7.305,82 "
Atividades de organizações religiosas,2012,401518493,05.601.588/0001-52,CONGREGACAO PENIEL DE FORTALEZA,60050010,RUA ASSUNCAO,CENTRO,FORTALEZA,CEARA,Benefício Fiscal,Previdenciário,Situação Regular,"66.866,35 "
Atividades de organizações religiosas,2012,402722752,07.320.880/0001-22,COLEGIO SAO VICENTE,60352370,RUA SAO VICENTE DE PAULO,ANTONIO BEZERRA,FORTALEZA,CEARA,Em cobrança,Previdenciário,Situação Irregular,"125.988,97 "
Atividades de organizações religiosas,2011,CSCE201100187,07.294.093/0001-53,CONSELHO PAROQUIAL NOSSA SENHORA DE FATIMA,60415000,RUA MARIO MAMEDE,FATIMA,FORTALEZA,CEARA,Em cobrança,Contribuições LC110 (FGTS),Situação Irregular,"6.585,82 "
Atividades de organizações religiosas,2011,FGCE201100186,07.294.093/0001-53,CONSELHO PAROQUIAL NOSSA SENHORA DE FATIMA,60415000,RUA MARIO MAMEDE,FATIMA,FORTALEZA,CEARA,Em cobrança,Contribuições FGTS,Situação Irregular,"15.054,35 "
Atividades de organizações religiosas,2011,390145807,07.320.880/0001-22,COLEGIO SAO VICENTE,60352370,RUA SAO VICENTE DE PAULO,ANTONIO BEZERRA,FORTALEZA,CEARA,Em cobrança,Previdenciário,Situação Irregular,"417.369,36 "
Atividades de organizações religiosas,2011,390145815,07.320.880/0001-22,COLEGIO SAO VICENTE,60352370,RUA SAO VICENTE DE PAULO,ANTONIO BEZERRA,FORTALEZA,CEARA,Em cobrança,Previdenciário,Situação Irregular,"35.369,69 "
Atividades de organizações religiosas,2011,394884329,07.320.880/0001-22,COLEGIO SAO VICENTE,60352370,RUA SAO VICENTE DE PAULO,ANTONIO BEZERRA,FORTALEZA,CEARA,Em cobrança,Previdenciário,Situação Irregular,"20.474,96 "
Atividades de organizações religiosas,2011,397903944,07.320.880/0001-22,COLEGIO SAO VICENTE,60352370,RUA SAO VICENTE DE PAULO,ANTONIO BEZERRA,FORTALEZA,CEARA,Em cobrança,Previdenciário,Situação Irregular,"187.067,30 "
Atividades de organizações religiosas,2011,397903952,07.320.880/0001-22,COLEGIO SAO VICENTE,60352370,RUA SAO VICENTE DE PAULO,ANTONIO BEZERRA,FORTALEZA,CEARA,Em cobrança,Previdenciário,Situação Irregular,"4.796,50 "
Atividades de organizações religiosas,2010,368698718,07.320.880/0001-22,COLEGIO SAO VICENTE,60352370,RUA SAO VICENTE DE PAULO,ANTONIO BEZERRA,FORTALEZA,CEARA,Em cobrança,Previdenciário,Situação Irregular,"65.926,82 "
Atividades de organizações religiosas,2010,368698726,07.320.880/0001-22,COLEGIO SAO VICENTE,60352370,RUA SAO VICENTE DE PAULO,ANTONIO BEZERRA,FORTALEZA,CEARA,Em cobrança,Previdenciário,Situação Irregular,"223.721,99 "
Atividades de organizações religiosas,2010,603641644,07.320.880/0001-22,COLEGIO SAO VICENTE,60352370,RUA SAO VICENTE DE PAULO,ANTONIO BEZERRA,FORTALEZA,CEARA,Em cobrança,Previdenciário,Situação Irregular,"142.608,35 "
Atividades de organizações religiosas,2009,CSCE200900242,07.294.093/0001-53,CONSELHO PAROQUIAL NOSSA SENHORA DE FATIMA,60415000,RUA MARIO MAMEDE,FATIMA,FORTALEZA,CEARA,Em cobrança,Contribuições LC110 (FGTS),Situação Irregular,"6.675,78 "
Atividades de organizações religiosas,2009,30 6 09 001575-26,07.210.925/0001-06,MITRA ARQUIDIOCESANA DE FORTALEZA,60060090,AVENIDA DOM MANUEL,CENTRO,FORTALEZA,CEARA,Benefício Fiscal,Não Previdenciário,Situação Regular,"40.462,42 "
Atividades de organizações religiosas,2009,30 6 09 003216-95,05.109.490/0001-82,CONVENCAO DE MINISTROS DAS ASSEMBLEIAS DE DEUS UNIDAS DO ESTADO DO CEARA,60050040,RUA SOLON PINHEIRO,CENTRO,FORTALEZA,CEARA,Em cobrança,Não Previdenciário,Situação Irregular,"135.391,82 "
Atividades de organizações religiosas,2009,363687262,07.320.880/0001-22,COLEGIO SAO VICENTE,60352370,RUA SAO VICENTE DE PAULO,ANTONIO BEZERRA,FORTALEZA,CEARA,Em cobrança,Previdenciário,Situação Irregular,"2.659,36 "
Atividades de organizações religiosas,2009,363687270,07.320.880/0001-22,COLEGIO SAO VICENTE,60352370,RUA SAO VICENTE DE PAULO,ANTONIO BEZERRA,FORTALEZA,CEARA,Em cobrança,Previdenciário,Situação Irregular,"20.103,46 "
Atividades de organizações religiosas,2009,363687289,07.320.880/0001-22,COLEGIO SAO VICENTE,60352370,RUA SAO VICENTE DE PAULO,ANTONIO BEZERRA,FORTALEZA,CEARA,Em cobrança,Previdenciário,Situação Irregular,"32.225,11 "
Atividades de organizações religiosas,2009,363687297,07.320.880/0001-22,COLEGIO SAO VICENTE,60352370,RUA SAO VICENTE DE PAULO,ANTONIO BEZERRA,FORTALEZA,CEARA,Em cobrança,Previdenciário,Situação Irregular,"189.004,60 "
Atividades de organizações religiosas,2009,364450509,07.320.880/0001-22,COLEGIO SAO VICENTE,60352370,RUA SAO VICENTE DE PAULO,ANTONIO BEZERRA,FORTALEZA,CEARA,Em cobrança,Previdenciário,Situação Irregular,"64.672,55 "
Atividades de organizações religiosas,2009,364450517,07.320.880/0001-22,COLEGIO SAO VICENTE,60352370,RUA SAO VICENTE DE PAULO,ANTONIO BEZERRA,FORTALEZA,CEARA,Em cobrança,Previdenciário,Situação Irregular,"6.475,43 "
Atividades de organizações religiosas,2008,30 6 08 000703-05,07.210.925/0001-06,MITRA ARQUIDIOCESANA DE FORTALEZA,60060090,AVENIDA DOM MANUEL,CENTRO,FORTALEZA,CEARA,Benefício Fiscal,Não Previdenciário,Situação Regular,"42.216,02 "
Atividades de organizações religiosas,2008,30 6 08 003006-61,04.839.261/0001-50,IGREJA EVANGELICA PENTECOSTAL PODER DA UNCAO,60175330,RUA CANINDE,VARJOTA,FORTALEZA,CEARA,Em cobrança,Não Previdenciário,Situação Irregular,"2.651,74 "
Atividades de organizações religiosas,2008,30 6 08 007802-64,02.520.700/0001-32,ASSOCIACAO CORPO MISTICO,60055172,AVENIDA VISCONDE DO RIO BRANCO,JOAQUIM TAVORA,FORTALEZA,CEARA,Em cobrança,Não Previdenciário,Situação Irregular,"3.236,55 "
Atividades de organizações religiosas,2008,361229631,07.320.880/0001-22,COLEGIO SAO VICENTE,60352370,RUA SAO VICENTE DE PAULO,ANTONIO BEZERRA,FORTALEZA,CEARA,Em cobrança,Previdenciário,Situação Irregular,"83.141,18 "
Atividades de organizações religiosas,2008,361229640,07.320.880/0001-22,COLEGIO SAO VICENTE,60352370,RUA SAO VICENTE DE PAULO,ANTONIO BEZERRA,FORTALEZA,CEARA,Em cobrança,Previdenciário,Situação Irregular,"370.992,46 "
Atividades de organizações religiosas,2007,30 6 07 001856-07,07.210.925/0001-06,MITRA ARQUIDIOCESANA DE FORTALEZA,60060090,AVENIDA DOM MANUEL,CENTRO,FORTALEZA,CEARA,Benefício Fiscal,Não Previdenciário,Situação Regular,"44.457,27 "
Atividades de organizações religiosas,2006,356135527,07.472.632/0001-05,ESCOLA SAO RAFAEL 1 E 2 GRAUS,60015052,AVENIDA IMPERADOR,,FORTALEZA,CEARA,Em cobrança,Previdenciário,Situação Irregular,"972.518,26 "
Atividades de organizações religiosas,2006,30 6 06 014389-22,07.210.925/0001-06,MITRA ARQUIDIOCESANA DE FORTALEZA,60060090,AVENIDA DOM MANUEL,CENTRO,FORTALEZA,CEARA,Benefício Fiscal,Não Previdenciário,Situação Regular,"96.465,86 "
Atividades de organizações religiosas,2006,30 6 06 015783-41,07.210.925/0001-06,MITRA ARQUIDIOCESANA DE FORTALEZA,60060090,AVENIDA DOM MANUEL,CENTRO,FORTALEZA,CEARA,Benefício Fiscal,Não Previdenciário,Situação Regular,"55.870,44 "
Atividades de organizações religiosas,2004,30 6 04 004041-92,07.210.925/0001-06,MITRA ARQUIDIOCESANA DE FORTALEZA,60060090,AVENIDA DOM MANUEL,CENTRO,FORTALEZA,CEARA,Benefício Fiscal,Não Previdenciário,Situação Regular,"52.798,35 "
Atividades de organizações religiosas,2001,FGCE200100236,12.221.396/0001-86,ASSOCIACAO CENTRO DE APOIO A JUVENTU E CENTRO DE APOIO AS COMUN. CAJU CAC,60130120,RUA ISAC AMARAL,DIONISIO TORRES,FORTALEZA,CEARA,Em cobrança,Contribuições FGTS,Situação Irregular,"2.781,36 "
Atividades de organizações religiosas,2000,351065628,07.472.632/0001-05,ESCOLA SAO RAFAEL 1 E 2 GRAUS,60015052,AVENIDA IMPERADOR,,FORTALEZA,CEARA,Em cobrança,Previdenciário,Situação Irregular,"206.070,88 "
Atividades de organizações religiosas,2000,351065644,07.472.632/0001-05,ESCOLA SAO RAFAEL 1 E 2 GRAUS,60015052,AVENIDA IMPERADOR,,FORTALEZA,CEARA,Em cobrança,Previdenciário,Situação Irregular,"433.479,80 "
Atividades de organizações religiosas,1996,316998044,07.264.138/0002-28,INSTITUTO DR ROCHA LIMA DE PROTECAO E ASSIST A INFANCIA,60325001,AVENIDA BEZERRA MENEZES,SAO GERARDO,FORTALEZA,CEARA,Garantia,Previdenciário,Situação Regular,"177.346,38 "